county_name,age_group,sex,population
Adams,0-4,male,60
Barnes,0-4,male,231
Benson,0-4,male,283
Billings,0-4,male,34
Bottineau,0-4,male,191
Bowman,0-4,male,88
Burke,0-4,male,81
Burleigh,0-4,male,3348
Cass,0-4,male,6791
Cavalier,0-4,male,133
Dickey,0-4,male,153
Divide,0-4,male,87
Dunn,0-4,male,157
Eddy,0-4,male,73
Emmons,0-4,male,76
Foster,0-4,male,93
Golden Valley,0-4,male,58
Grand Forks,0-4,male,2441
Grant,0-4,male,51
Griggs,0-4,male,44
Hettinger,0-4,male,90
Kidder,0-4,male,81
LaMoure,0-4,male,130
Logan,0-4,male,53
McHenry,0-4,male,182
McIntosh,0-4,male,65
McKenzie,0-4,male,686
McLean,0-4,male,253
Mercer,0-4,male,245
Morton,0-4,male,1218
Mountrail,0-4,male,401
Nelson,0-4,male,62
Oliver,0-4,male,72
Pembina,0-4,male,207
Pierce,0-4,male,103
Ramsey,0-4,male,386
Ransom,0-4,male,192
Renville,0-4,male,74
Richland,0-4,male,507
Rolette,0-4,male,495
Sargent,0-4,male,91
Sheridan,0-4,male,31
Sioux,0-4,male,152
Slope,0-4,male,13
Stark,0-4,male,1385
Steele,0-4,male,50
Stutsman,0-4,male,560
Towner,0-4,male,56
Traill,0-4,male,248
Walsh,0-4,male,319
Ward,0-4,male,2548
Wells,0-4,male,92
Williams,0-4,male,1844
Adams,5-9,male,54
Barnes,5-9,male,329
Benson,5-9,male,242
Billings,5-9,male,39
Bottineau,5-9,male,184
Bowman,5-9,male,94
Burke,5-9,male,68
Burleigh,5-9,male,3467
Cass,5-9,male,6730
Cavalier,5-9,male,105
Dickey,5-9,male,175
Divide,5-9,male,48
Dunn,5-9,male,132
Eddy,5-9,male,71
Emmons,5-9,male,71
Foster,5-9,male,100
Golden Valley,5-9,male,75
Grand Forks,5-9,male,2256
Grant,5-9,male,65
Griggs,5-9,male,76
Hettinger,5-9,male,77
Kidder,5-9,male,80
LaMoure,5-9,male,135
Logan,5-9,male,72
McHenry,5-9,male,172
McIntosh,5-9,male,69
McKenzie,5-9,male,652
McLean,5-9,male,316
Mercer,5-9,male,292
Morton,5-9,male,1131
Mountrail,5-9,male,355
Nelson,5-9,male,102
Oliver,5-9,male,55
Pembina,5-9,male,214
Pierce,5-9,male,123
Ramsey,5-9,male,406
Ransom,5-9,male,190
Renville,5-9,male,79
Richland,5-9,male,557
Rolette,5-9,male,627
Sargent,5-9,male,121
Sheridan,5-9,male,48
Sioux,5-9,male,175
Slope,5-9,male,24
Stark,5-9,male,1345
Steele,5-9,male,64
Stutsman,5-9,male,595
Towner,5-9,male,83
Traill,5-9,male,290
Walsh,5-9,male,342
Ward,5-9,male,2493
Wells,5-9,male,121
Williams,5-9,male,1698
Adams,10-14,male,54
Barnes,10-14,male,297
Benson,10-14,male,299
Billings,10-14,male,30
Bottineau,10-14,male,224
Bowman,10-14,male,110
Burke,10-14,male,93
Burleigh,10-14,male,3452
Cass,10-14,male,6341
Cavalier,10-14,male,100
Dickey,10-14,male,195
Divide,10-14,male,60
Dunn,10-14,male,149
Eddy,10-14,male,90
Emmons,10-14,male,114
Foster,10-14,male,113
Golden Valley,10-14,male,71
Grand Forks,10-14,male,2101
Grant,10-14,male,59
Griggs,10-14,male,70
Hettinger,10-14,male,67
Kidder,10-14,male,69
LaMoure,10-14,male,127
Logan,10-14,male,69
McHenry,10-14,male,166
McIntosh,10-14,male,82
McKenzie,10-14,male,608
McLean,10-14,male,318
Mercer,10-14,male,280
Morton,10-14,male,1116
Mountrail,10-14,male,385
Nelson,10-14,male,56
Oliver,10-14,male,69
Pembina,10-14,male,235
Pierce,10-14,male,131
Ramsey,10-14,male,386
Ransom,10-14,male,207
Renville,10-14,male,82
Richland,10-14,male,540
Rolette,10-14,male,598
Sargent,10-14,male,128
Sheridan,10-14,male,30
Sioux,10-14,male,214
Slope,10-14,male,21
Stark,10-14,male,1155
Steele,10-14,male,46
Stutsman,10-14,male,620
Towner,10-14,male,73
Traill,10-14,male,263
Walsh,10-14,male,349
Ward,10-14,male,2269
Wells,10-14,male,120
Williams,10-14,male,1405
Adams,15-19,male,63
Barnes,15-19,male,409
Benson,15-19,male,272
Billings,15-19,male,24
Bottineau,15-19,male,208
Bowman,15-19,male,83
Burke,15-19,male,79
Burleigh,15-19,male,3443
Cass,15-19,male,6527
Cavalier,15-19,male,98
Dickey,15-19,male,161
Divide,15-19,male,71
Dunn,15-19,male,118
Eddy,15-19,male,68
Emmons,15-19,male,93
Foster,15-19,male,93
Golden Valley,15-19,male,81
Grand Forks,15-19,male,3140
Grant,15-19,male,44
Griggs,15-19,male,52
Hettinger,15-19,male,64
Kidder,15-19,male,62
LaMoure,15-19,male,114
Logan,15-19,male,56
McHenry,15-19,male,151
McIntosh,15-19,male,61
McKenzie,15-19,male,471
McLean,15-19,male,296
Mercer,15-19,male,273
Morton,15-19,male,999
Mountrail,15-19,male,311
Nelson,15-19,male,81
Oliver,15-19,male,51
Pembina,15-19,male,184
Pierce,15-19,male,101
Ramsey,15-19,male,346
Ransom,15-19,male,201
Renville,15-19,male,63
Richland,15-19,male,835
Rolette,15-19,male,492
Sargent,15-19,male,97
Sheridan,15-19,male,27
Sioux,15-19,male,191
Slope,15-19,male,19
Stark,15-19,male,1064
Steele,15-19,male,54
Stutsman,15-19,male,749
Towner,15-19,male,44
Traill,15-19,male,297
Walsh,15-19,male,283
Ward,15-19,male,2207
Wells,15-19,male,89
Williams,15-19,male,1206
Adams,20-24,male,32
Barnes,20-24,male,437
Benson,20-24,male,133
Billings,20-24,male,25
Bottineau,20-24,male,150
Bowman,20-24,male,45
Burke,20-24,male,47
Burleigh,20-24,male,3390
Cass,20-24,male,10361
Cavalier,20-24,male,84
Dickey,20-24,male,153
Divide,20-24,male,33
Dunn,20-24,male,96
Eddy,20-24,male,51
Emmons,20-24,male,57
Foster,20-24,male,65
Golden Valley,20-24,male,43
Grand Forks,20-24,male,5263
Grant,20-24,male,39
Griggs,20-24,male,52
Hettinger,20-24,male,32
Kidder,20-24,male,61
LaMoure,20-24,male,80
Logan,20-24,male,50
McHenry,20-24,male,103
McIntosh,20-24,male,51
McKenzie,20-24,male,504
McLean,20-24,male,160
Mercer,20-24,male,161
Morton,20-24,male,1050
Mountrail,20-24,male,283
Nelson,20-24,male,56
Oliver,20-24,male,41
Pembina,20-24,male,129
Pierce,20-24,male,87
Ramsey,20-24,male,339
Ransom,20-24,male,128
Renville,20-24,male,36
Richland,20-24,male,605
Rolette,20-24,male,280
Sargent,20-24,male,108
Sheridan,20-24,male,20
Sioux,20-24,male,104
Slope,20-24,male,11
Stark,20-24,male,1209
Steele,20-24,male,29
Stutsman,20-24,male,835
Towner,20-24,male,25
Traill,20-24,male,294
Walsh,20-24,male,254
Ward,20-24,male,3496
Wells,20-24,male,69
Williams,20-24,male,1592
Adams,25-29,male,34
Barnes,25-29,male,293
Benson,25-29,male,161
Billings,25-29,male,37
Bottineau,25-29,male,165
Bowman,25-29,male,79
Burke,25-29,male,68
Burleigh,25-29,male,3546
Cass,25-29,male,8892
Cavalier,25-29,male,84
Dickey,25-29,male,116
Divide,25-29,male,53
Dunn,25-29,male,123
Eddy,25-29,male,76
Emmons,25-29,male,74
Foster,25-29,male,99
Golden Valley,25-29,male,46
Grand Forks,25-29,male,3344
Grant,25-29,male,49
Griggs,25-29,male,64
Hettinger,25-29,male,61
Kidder,25-29,male,65
LaMoure,25-29,male,91
Logan,25-29,male,34
McHenry,25-29,male,109
McIntosh,25-29,male,61
McKenzie,25-29,male,807
McLean,25-29,male,211
Mercer,25-29,male,182
Morton,25-29,male,1165
Mountrail,25-29,male,383
Nelson,25-29,male,78
Oliver,25-29,male,29
Pembina,25-29,male,155
Pierce,25-29,male,98
Ramsey,25-29,male,323
Ransom,25-29,male,168
Renville,25-29,male,66
Richland,25-29,male,475
Rolette,25-29,male,311
Sargent,25-29,male,122
Sheridan,25-29,male,33
Sioux,25-29,male,126
Slope,25-29,male,15
Stark,25-29,male,1417
Steele,25-29,male,41
Stutsman,25-29,male,712
Towner,25-29,male,43
Traill,25-29,male,247
Walsh,25-29,male,271
Ward,25-29,male,3327
Wells,25-29,male,75
Williams,25-29,male,2225
Adams,30-34,male,66
Barnes,30-34,male,271
Benson,30-34,male,157
Billings,30-34,male,40
Bottineau,30-34,male,184
Bowman,30-34,male,85
Burke,30-34,male,48
Burleigh,30-34,male,3781
Cass,30-34,male,8586
Cavalier,30-34,male,117
Dickey,30-34,male,146
Divide,30-34,male,75
Dunn,30-34,male,155
Eddy,30-34,male,82
Emmons,30-34,male,77
Foster,30-34,male,111
Golden Valley,30-34,male,33
Grand Forks,30-34,male,2945
Grant,30-34,male,35
Griggs,30-34,male,54
Hettinger,30-34,male,70
Kidder,30-34,male,75
LaMoure,30-34,male,107
Logan,30-34,male,44
McHenry,30-34,male,133
McIntosh,30-34,male,61
McKenzie,30-34,male,788
McLean,30-34,male,288
Mercer,30-34,male,267
Morton,30-34,male,1238
Mountrail,30-34,male,347
Nelson,30-34,male,79
Oliver,30-34,male,56
Pembina,30-34,male,189
Pierce,30-34,male,118
Ramsey,30-34,male,374
Ransom,30-34,male,163
Renville,30-34,male,78
Richland,30-34,male,484
Rolette,30-34,male,287
Sargent,30-34,male,127
Sheridan,30-34,male,29
Sioux,30-34,male,130
Slope,30-34,male,9
Stark,30-34,male,1547
Steele,30-34,male,38
Stutsman,30-34,male,779
Towner,30-34,male,54
Traill,30-34,male,218
Walsh,30-34,male,301
Ward,30-34,male,2864
Wells,30-34,male,104
Williams,30-34,male,2291
Adams,35-39,male,53
Barnes,35-39,male,306
Benson,35-39,male,171
Billings,35-39,male,26
Bottineau,35-39,male,167
Bowman,35-39,male,96
Burke,35-39,male,76
Burleigh,35-39,male,3924
Cass,35-39,male,8084
Cavalier,35-39,male,93
Dickey,35-39,male,137
Divide,35-39,male,64
Dunn,35-39,male,142
Eddy,35-39,male,64
Emmons,35-39,male,65
Foster,35-39,male,88
Golden Valley,35-39,male,59
Grand Forks,35-39,male,2461
Grant,35-39,male,61
Griggs,35-39,male,57
Hettinger,35-39,male,78
Kidder,35-39,male,68
LaMoure,35-39,male,108
Logan,35-39,male,49
McHenry,35-39,male,171
McIntosh,35-39,male,61
McKenzie,35-39,male,631
McLean,35-39,male,307
Mercer,35-39,male,263
Morton,35-39,male,1271
Mountrail,35-39,male,369
Nelson,35-39,male,81
Oliver,35-39,male,62
Pembina,35-39,male,218
Pierce,35-39,male,110
Ramsey,35-39,male,365
Ransom,35-39,male,157
Renville,35-39,male,85
Richland,35-39,male,486
Rolette,35-39,male,339
Sargent,35-39,male,105
Sheridan,35-39,male,31
Sioux,35-39,male,135
Slope,35-39,male,27
Stark,35-39,male,1390
Steele,35-39,male,63
Stutsman,35-39,male,690
Towner,35-39,male,63
Traill,35-39,male,208
Walsh,35-39,male,305
Ward,35-39,male,2644
Wells,35-39,male,82
Williams,35-39,male,1797
Adams,40-44,male,48
Barnes,40-44,male,277
Benson,40-44,male,164
Billings,40-44,male,36
Bottineau,40-44,male,176
Bowman,40-44,male,88
Burke,40-44,male,62
Burleigh,40-44,male,3374
Cass,40-44,male,6587
Cavalier,40-44,male,79
Dickey,40-44,male,139
Divide,40-44,male,70
Dunn,40-44,male,125
Eddy,40-44,male,56
Emmons,40-44,male,73
Foster,40-44,male,81
Golden Valley,40-44,male,61
Grand Forks,40-44,male,1939
Grant,40-44,male,59
Griggs,40-44,male,49
Hettinger,40-44,male,45
Kidder,40-44,male,52
LaMoure,40-44,male,97
Logan,40-44,male,42
McHenry,40-44,male,192
McIntosh,40-44,male,44
McKenzie,40-44,male,477
McLean,40-44,male,271
Mercer,40-44,male,261
Morton,40-44,male,1060
Mountrail,40-44,male,303
Nelson,40-44,male,70
Oliver,40-44,male,56
Pembina,40-44,male,184
Pierce,40-44,male,108
Ramsey,40-44,male,299
Ransom,40-44,male,161
Renville,40-44,male,48
Richland,40-44,male,479
Rolette,40-44,male,288
Sargent,40-44,male,136
Sheridan,40-44,male,40
Sioux,40-44,male,105
Slope,40-44,male,25
Stark,40-44,male,1039
Steele,40-44,male,49
Stutsman,40-44,male,685
Towner,40-44,male,40
Traill,40-44,male,196
Walsh,40-44,male,270
Ward,40-44,male,1952
Wells,40-44,male,72
Williams,40-44,male,1381
Adams,45-49,male,45
Barnes,45-49,male,298
Benson,45-49,male,129
Billings,45-49,male,25
Bottineau,45-49,male,173
Bowman,45-49,male,67
Burke,45-49,male,70
Burleigh,45-49,male,2908
Cass,45-49,male,5543
Cavalier,45-49,male,97
Dickey,45-49,male,130
Divide,45-49,male,58
Dunn,45-49,male,128
Eddy,45-49,male,55
Emmons,45-49,male,75
Foster,45-49,male,94
Golden Valley,45-49,male,40
Grand Forks,45-49,male,1729
Grant,45-49,male,61
Griggs,45-49,male,53
Hettinger,45-49,male,49
Kidder,45-49,male,62
LaMoure,45-49,male,97
Logan,45-49,male,49
McHenry,45-49,male,136
McIntosh,45-49,male,48
McKenzie,45-49,male,442
McLean,45-49,male,274
Mercer,45-49,male,224
Morton,45-49,male,971
Mountrail,45-49,male,269
Nelson,45-49,male,66
Oliver,45-49,male,53
Pembina,45-49,male,164
Pierce,45-49,male,108
Ramsey,45-49,male,270
Ransom,45-49,male,166
Renville,45-49,male,71
Richland,45-49,male,401
Rolette,45-49,male,302
Sargent,45-49,male,115
Sheridan,45-49,male,31
Sioux,45-49,male,90
Slope,45-49,male,12
Stark,45-49,male,919
Steele,45-49,male,59
Stutsman,45-49,male,560
Towner,45-49,male,35
Traill,45-49,male,233
Walsh,45-49,male,286
Ward,45-49,male,1737
Wells,45-49,male,80
Williams,45-49,male,1238
Adams,50-54,male,62
Barnes,50-54,male,310
Benson,50-54,male,146
Billings,50-54,male,34
Bottineau,50-54,male,172
Bowman,50-54,male,71
Burke,50-54,male,70
Burleigh,50-54,male,2874
Cass,50-54,male,5240
Cavalier,50-54,male,98
Dickey,50-54,male,141
Divide,50-54,male,50
Dunn,50-54,male,123
Eddy,50-54,male,57
Emmons,50-54,male,82
Foster,50-54,male,95
Golden Valley,50-54,male,42
Grand Forks,50-54,male,1705
Grant,50-54,male,54
Griggs,50-54,male,71
Hettinger,50-54,male,64
Kidder,50-54,male,81
LaMoure,50-54,male,116
Logan,50-54,male,59
McHenry,50-54,male,163
McIntosh,50-54,male,67
McKenzie,50-54,male,416
McLean,50-54,male,281
Mercer,50-54,male,244
Morton,50-54,male,950
Mountrail,50-54,male,273
Nelson,50-54,male,75
Oliver,50-54,male,56
Pembina,50-54,male,175
Pierce,50-54,male,107
Ramsey,50-54,male,298
Ransom,50-54,male,174
Renville,50-54,male,82
Richland,50-54,male,454
Rolette,50-54,male,296
Sargent,50-54,male,120
Sheridan,50-54,male,58
Sioux,50-54,male,97
Slope,50-54,male,15
Stark,50-54,male,912
Steele,50-54,male,58
Stutsman,50-54,male,654
Towner,50-54,male,76
Traill,50-54,male,212
Walsh,50-54,male,315
Ward,50-54,male,1637
Wells,50-54,male,131
Williams,50-54,male,1172
Adams,55-59,male,88
Barnes,55-59,male,383
Benson,55-59,male,148
Billings,55-59,male,44
Bottineau,55-59,male,252
Bowman,55-59,male,103
Burke,55-59,male,97
Burleigh,55-59,male,3115
Cass,55-59,male,5437
Cavalier,55-59,male,137
Dickey,55-59,male,158
Divide,55-59,male,99
Dunn,55-59,male,151
Eddy,55-59,male,85
Emmons,55-59,male,170
Foster,55-59,male,142
Golden Valley,55-59,male,58
Grand Forks,55-59,male,1965
Grant,55-59,male,96
Griggs,55-59,male,70
Hettinger,55-59,male,100
Kidder,55-59,male,85
LaMoure,55-59,male,170
Logan,55-59,male,75
McHenry,55-59,male,197
McIntosh,55-59,male,86
McKenzie,55-59,male,444
McLean,55-59,male,328
Mercer,55-59,male,346
Morton,55-59,male,1142
Mountrail,55-59,male,311
Nelson,55-59,male,113
Oliver,55-59,male,83
Pembina,55-59,male,269
Pierce,55-59,male,160
Ramsey,55-59,male,430
Ransom,55-59,male,225
Renville,55-59,male,107
Richland,55-59,male,579
Rolette,55-59,male,377
Sargent,55-59,male,164
Sheridan,55-59,male,48
Sioux,55-59,male,117
Slope,55-59,male,16
Stark,55-59,male,1045
Steele,55-59,male,72
Stutsman,55-59,male,773
Towner,55-59,male,113
Traill,55-59,male,319
Walsh,55-59,male,414
Ward,55-59,male,1912
Wells,55-59,male,168
Williams,55-59,male,1258
Adams,60-64,male,97
Barnes,60-64,male,469
Benson,60-64,male,214
Billings,60-64,male,47
Bottineau,60-64,male,276
Bowman,60-64,male,132
Burke,60-64,male,98
Burleigh,60-64,male,3210
Cass,60-64,male,4984
Cavalier,60-64,male,156
Dickey,60-64,male,195
Divide,60-64,male,95
Dunn,60-64,male,163
Eddy,60-64,male,105
Emmons,60-64,male,165
Foster,60-64,male,161
Golden Valley,60-64,male,58
Grand Forks,60-64,male,2006
Grant,60-64,male,96
Griggs,60-64,male,81
Hettinger,60-64,male,98
Kidder,60-64,male,103
LaMoure,60-64,male,172
Logan,60-64,male,89
McHenry,60-64,male,223
McIntosh,60-64,male,138
McKenzie,60-64,male,391
McLean,60-64,male,456
Mercer,60-64,male,420
Morton,60-64,male,1190
Mountrail,60-64,male,314
Nelson,60-64,male,151
Oliver,60-64,male,83
Pembina,60-64,male,307
Pierce,60-64,male,151
Ramsey,60-64,male,441
Ransom,60-64,male,183
Renville,60-64,male,113
Richland,60-64,male,697
Rolette,60-64,male,371
Sargent,60-64,male,144
Sheridan,60-64,male,62
Sioux,60-64,male,82
Slope,60-64,male,48
Stark,60-64,male,1038
Steele,60-64,male,87
Stutsman,60-64,male,871
Towner,60-64,male,109
Traill,60-64,male,284
Walsh,60-64,male,429
Ward,60-64,male,1789
Wells,60-64,male,181
Williams,60-64,male,1166
Adams,65-69,male,99
Barnes,65-69,male,386
Benson,65-69,male,171
Billings,65-69,male,44
Bottineau,65-69,male,260
Bowman,65-69,male,121
Burke,65-69,male,75
Burleigh,65-69,male,2655
Cass,65-69,male,4382
Cavalier,65-69,male,142
Dickey,65-69,male,161
Divide,65-69,male,80
Dunn,65-69,male,138
Eddy,65-69,male,97
Emmons,65-69,male,154
Foster,65-69,male,109
Golden Valley,65-69,male,91
Grand Forks,65-69,male,1649
Grant,65-69,male,110
Griggs,65-69,male,125
Hettinger,65-69,male,102
Kidder,65-69,male,117
LaMoure,65-69,male,180
Logan,65-69,male,58
McHenry,65-69,male,192
McIntosh,65-69,male,114
McKenzie,65-69,male,284
McLean,65-69,male,449
Mercer,65-69,male,313
Morton,65-69,male,961
Mountrail,65-69,male,265
Nelson,65-69,male,132
Oliver,65-69,male,87
Pembina,65-69,male,294
Pierce,65-69,male,145
Ramsey,65-69,male,371
Ransom,65-69,male,227
Renville,65-69,male,101
Richland,65-69,male,552
Rolette,65-69,male,271
Sargent,65-69,male,174
Sheridan,65-69,male,60
Sioux,65-69,male,60
Slope,65-69,male,36
Stark,65-69,male,740
Steele,65-69,male,80
Stutsman,65-69,male,707
Towner,65-69,male,90
Traill,65-69,male,283
Walsh,65-69,male,367
Ward,65-69,male,1523
Wells,65-69,male,159
Williams,65-69,male,754
Adams,70-74,male,78
Barnes,70-74,male,295
Benson,70-74,male,114
Billings,70-74,male,30
Bottineau,70-74,male,219
Bowman,70-74,male,63
Burke,70-74,male,60
Burleigh,70-74,male,2011
Cass,70-74,male,3069
Cavalier,70-74,male,129
Dickey,70-74,male,125
Divide,70-74,male,74
Dunn,70-74,male,86
Eddy,70-74,male,77
Emmons,70-74,male,103
Foster,70-74,male,80
Golden Valley,70-74,male,46
Grand Forks,70-74,male,1226
Grant,70-74,male,92
Griggs,70-74,male,72
Hettinger,70-74,male,83
Kidder,70-74,male,68
LaMoure,70-74,male,119
Logan,70-74,male,40
McHenry,70-74,male,153
McIntosh,70-74,male,65
McKenzie,70-74,male,150
McLean,70-74,male,325
Mercer,70-74,male,207
Morton,70-74,male,709
Mountrail,70-74,male,163
Nelson,70-74,male,124
Oliver,70-74,male,71
Pembina,70-74,male,219
Pierce,70-74,male,103
Ramsey,70-74,male,279
Ransom,70-74,male,154
Renville,70-74,male,78
Richland,70-74,male,387
Rolette,70-74,male,214
Sargent,70-74,male,109
Sheridan,70-74,male,49
Sioux,70-74,male,43
Slope,70-74,male,30
Stark,70-74,male,480
Steele,70-74,male,55
Stutsman,70-74,male,508
Towner,70-74,male,49
Traill,70-74,male,187
Walsh,70-74,male,286
Ward,70-74,male,1005
Wells,70-74,male,112
Williams,70-74,male,426
Adams,75-79,male,55
Barnes,75-79,male,228
Benson,75-79,male,73
Billings,75-79,male,17
Bottineau,75-79,male,145
Bowman,75-79,male,73
Burke,75-79,male,40
Burleigh,75-79,male,1345
Cass,75-79,male,1744
Cavalier,75-79,male,78
Dickey,75-79,male,96
Divide,75-79,male,38
Dunn,75-79,male,40
Eddy,75-79,male,46
Emmons,75-79,male,67
Foster,75-79,male,49
Golden Valley,75-79,male,30
Grand Forks,75-79,male,718
Grant,75-79,male,70
Griggs,75-79,male,61
Hettinger,75-79,male,55
Kidder,75-79,male,54
LaMoure,75-79,male,78
Logan,75-79,male,44
McHenry,75-79,male,109
McIntosh,75-79,male,54
McKenzie,75-79,male,95
McLean,75-79,male,245
Mercer,75-79,male,149
Morton,75-79,male,461
Mountrail,75-79,male,108
Nelson,75-79,male,79
Oliver,75-79,male,29
Pembina,75-79,male,146
Pierce,75-79,male,70
Ramsey,75-79,male,209
Ransom,75-79,male,99
Renville,75-79,male,36
Richland,75-79,male,255
Rolette,75-79,male,130
Sargent,75-79,male,70
Sheridan,75-79,male,29
Sioux,75-79,male,34
Slope,75-79,male,9
Stark,75-79,male,322
Steele,75-79,male,52
Stutsman,75-79,male,281
Towner,75-79,male,39
Traill,75-79,male,115
Walsh,75-79,male,196
Ward,75-79,male,674
Wells,75-79,male,101
Williams,75-79,male,247
Adams,80-84,male,36
Barnes,80-84,male,137
Benson,80-84,male,45
Billings,80-84,male,21
Bottineau,80-84,male,76
Bowman,80-84,male,28
Burke,80-84,male,21
Burleigh,80-84,male,807
Cass,80-84,male,1103
Cavalier,80-84,male,53
Dickey,80-84,male,62
Divide,80-84,male,38
Dunn,80-84,male,51
Eddy,80-84,male,30
Emmons,80-84,male,60
Foster,80-84,male,48
Golden Valley,80-84,male,33
Grand Forks,80-84,male,426
Grant,80-84,male,50
Griggs,80-84,male,35
Hettinger,80-84,male,37
Kidder,80-84,male,43
LaMoure,80-84,male,67
Logan,80-84,male,35
McHenry,80-84,male,62
McIntosh,80-84,male,51
McKenzie,80-84,male,59
McLean,80-84,male,110
Mercer,80-84,male,86
Morton,80-84,male,289
Mountrail,80-84,male,45
Nelson,80-84,male,50
Oliver,80-84,male,20
Pembina,80-84,male,82
Pierce,80-84,male,57
Ramsey,80-84,male,119
Ransom,80-84,male,58
Renville,80-84,male,27
Richland,80-84,male,141
Rolette,80-84,male,90
Sargent,80-84,male,45
Sheridan,80-84,male,19
Sioux,80-84,male,17
Slope,80-84,male,6
Stark,80-84,male,255
Steele,80-84,male,37
Stutsman,80-84,male,212
Towner,80-84,male,33
Traill,80-84,male,100
Walsh,80-84,male,131
Ward,80-84,male,479
Wells,80-84,male,90
Williams,80-84,male,161
Adams,85+,male,31
Barnes,85+,male,129
Benson,85+,male,42
Billings,85+,male,6
Bottineau,85+,male,60
Bowman,85+,male,50
Burke,85+,male,15
Burleigh,85+,male,873
Cass,85+,male,1142
Cavalier,85+,male,56
Dickey,85+,male,59
Divide,85+,male,23
Dunn,85+,male,31
Eddy,85+,male,28
Emmons,85+,male,63
Foster,85+,male,47
Golden Valley,85+,male,5
Grand Forks,85+,male,419
Grant,85+,male,50
Griggs,85+,male,35
Hettinger,85+,male,30
Kidder,85+,male,31
LaMoure,85+,male,77
Logan,85+,male,57
McHenry,85+,male,58
McIntosh,85+,male,68
McKenzie,85+,male,52
McLean,85+,male,139
Mercer,85+,male,70
Morton,85+,male,290
Mountrail,85+,male,64
Nelson,85+,male,77
Oliver,85+,male,13
Pembina,85+,male,83
Pierce,85+,male,67
Ramsey,85+,male,144
Ransom,85+,male,80
Renville,85+,male,24
Richland,85+,male,152
Rolette,85+,male,66
Sargent,85+,male,34
Sheridan,85+,male,22
Sioux,85+,male,11
Slope,85+,male,1
Stark,85+,male,244
Steele,85+,male,10
Stutsman,85+,male,233
Towner,85+,male,32
Traill,85+,male,79
Walsh,85+,male,106
Ward,85+,male,466
Wells,85+,male,50
Williams,85+,male,139
Adams,0-4,female,64
Barnes,0-4,female,290
Benson,0-4,female,269
Billings,0-4,female,45
Bottineau,0-4,female,180
Bowman,0-4,female,77
Burke,0-4,female,59
Burleigh,0-4,female,3174
Cass,0-4,female,6557
Cavalier,0-4,female,129
Dickey,0-4,female,145
Divide,0-4,female,58
Dunn,0-4,female,146
Eddy,0-4,female,69
Emmons,0-4,female,76
Foster,0-4,female,103
Golden Valley,0-4,female,66
Grand Forks,0-4,female,2295
Grant,0-4,female,53
Griggs,0-4,female,72
Hettinger,0-4,female,85
Kidder,0-4,female,65
LaMoure,0-4,female,120
Logan,0-4,female,52
McHenry,0-4,female,134
McIntosh,0-4,female,47
McKenzie,0-4,female,674
McLean,0-4,female,279
Mercer,0-4,female,254
Morton,0-4,female,1142
Mountrail,0-4,female,363
Nelson,0-4,female,63
Oliver,0-4,female,63
Pembina,0-4,female,195
Pierce,0-4,female,104
Ramsey,0-4,female,406
Ransom,0-4,female,142
Renville,0-4,female,50
Richland,0-4,female,482
Rolette,0-4,female,441
Sargent,0-4,female,105
Sheridan,0-4,female,29
Sioux,0-4,female,159
Slope,0-4,female,19
Stark,0-4,female,1309
Steele,0-4,female,75
Stutsman,0-4,female,546
Towner,0-4,female,41
Traill,0-4,female,222
Walsh,0-4,female,301
Ward,0-4,female,2393
Wells,0-4,female,107
Williams,0-4,female,1750
Adams,5-9,female,61
Barnes,5-9,female,269
Benson,5-9,female,262
Billings,5-9,female,25
Bottineau,5-9,female,220
Bowman,5-9,female,116
Burke,5-9,female,91
Burleigh,5-9,female,3433
Cass,5-9,female,6395
Cavalier,5-9,female,109
Dickey,5-9,female,177
Divide,5-9,female,74
Dunn,5-9,female,164
Eddy,5-9,female,58
Emmons,5-9,female,89
Foster,5-9,female,114
Golden Valley,5-9,female,59
Grand Forks,5-9,female,2174
Grant,5-9,female,66
Griggs,5-9,female,68
Hettinger,5-9,female,79
Kidder,5-9,female,69
LaMoure,5-9,female,119
Logan,5-9,female,61
McHenry,5-9,female,154
McIntosh,5-9,female,63
McKenzie,5-9,female,615
McLean,5-9,female,337
Mercer,5-9,female,306
Morton,5-9,female,1169
Mountrail,5-9,female,385
Nelson,5-9,female,89
Oliver,5-9,female,78
Pembina,5-9,female,171
Pierce,5-9,female,91
Ramsey,5-9,female,376
Ransom,5-9,female,204
Renville,5-9,female,58
Richland,5-9,female,500
Rolette,5-9,female,523
Sargent,5-9,female,107
Sheridan,5-9,female,50
Sioux,5-9,female,197
Slope,5-9,female,22
Stark,5-9,female,1197
Steele,5-9,female,51
Stutsman,5-9,female,652
Towner,5-9,female,62
Traill,5-9,female,235
Walsh,5-9,female,355
Ward,5-9,female,2419
Wells,5-9,female,124
Williams,5-9,female,1566
Adams,10-14,female,67
Barnes,10-14,female,294
Benson,10-14,female,255
Billings,10-14,female,29
Bottineau,10-14,female,184
Bowman,10-14,female,93
Burke,10-14,female,62
Burleigh,10-14,female,3285
Cass,10-14,female,5950
Cavalier,10-14,female,85
Dickey,10-14,female,171
Divide,10-14,female,75
Dunn,10-14,female,124
Eddy,10-14,female,65
Emmons,10-14,female,90
Foster,10-14,female,116
Golden Valley,10-14,female,55
Grand Forks,10-14,female,2052
Grant,10-14,female,58
Griggs,10-14,female,67
Hettinger,10-14,female,57
Kidder,10-14,female,68
LaMoure,10-14,female,130
Logan,10-14,female,62
McHenry,10-14,female,186
McIntosh,10-14,female,66
McKenzie,10-14,female,534
McLean,10-14,female,313
Mercer,10-14,female,281
Morton,10-14,female,1086
Mountrail,10-14,female,342
Nelson,10-14,female,67
Oliver,10-14,female,63
Pembina,10-14,female,172
Pierce,10-14,female,161
Ramsey,10-14,female,340
Ransom,10-14,female,192
Renville,10-14,female,77
Richland,10-14,female,533
Rolette,10-14,female,575
Sargent,10-14,female,102
Sheridan,10-14,female,22
Sioux,10-14,female,172
Slope,10-14,female,22
Stark,10-14,female,1107
Steele,10-14,female,40
Stutsman,10-14,female,631
Towner,10-14,female,84
Traill,10-14,female,295
Walsh,10-14,female,320
Ward,10-14,female,2240
Wells,10-14,female,77
Williams,10-14,female,1423
Adams,15-19,female,43
Barnes,15-19,female,414
Benson,15-19,female,212
Billings,15-19,female,21
Bottineau,15-19,female,185
Bowman,15-19,female,71
Burke,15-19,female,54
Burleigh,15-19,female,3325
Cass,15-19,female,6445
Cavalier,15-19,female,86
Dickey,15-19,female,163
Divide,15-19,female,47
Dunn,15-19,female,115
Eddy,15-19,female,58
Emmons,15-19,female,108
Foster,15-19,female,84
Golden Valley,15-19,female,52
Grand Forks,15-19,female,2949
Grant,15-19,female,53
Griggs,15-19,female,40
Hettinger,15-19,female,46
Kidder,15-19,female,50
LaMoure,15-19,female,118
Logan,15-19,female,60
McHenry,15-19,female,130
McIntosh,15-19,female,43
McKenzie,15-19,female,451
McLean,15-19,female,242
Mercer,15-19,female,208
Morton,15-19,female,915
Mountrail,15-19,female,321
Nelson,15-19,female,70
Oliver,15-19,female,42
Pembina,15-19,female,158
Pierce,15-19,female,109
Ramsey,15-19,female,373
Ransom,15-19,female,131
Renville,15-19,female,72
Richland,15-19,female,611
Rolette,15-19,female,443
Sargent,15-19,female,95
Sheridan,15-19,female,30
Sioux,15-19,female,148
Slope,15-19,female,17
Stark,15-19,female,987
Steele,15-19,female,34
Stutsman,15-19,female,710
Towner,15-19,female,43
Traill,15-19,female,265
Walsh,15-19,female,261
Ward,15-19,female,2090
Wells,15-19,female,90
Williams,15-19,female,1215
Adams,20-24,female,44
Barnes,20-24,female,345
Benson,20-24,female,134
Billings,20-24,female,20
Bottineau,20-24,female,114
Bowman,20-24,female,46
Burke,20-24,female,26
Burleigh,20-24,female,3302
Cass,20-24,female,9628
Cavalier,20-24,female,43
Dickey,20-24,female,129
Divide,20-24,female,32
Dunn,20-24,female,78
Eddy,20-24,female,46
Emmons,20-24,female,59
Foster,20-24,female,61
Golden Valley,20-24,female,28
Grand Forks,20-24,female,4391
Grant,20-24,female,46
Griggs,20-24,female,35
Hettinger,20-24,female,37
Kidder,20-24,female,51
LaMoure,20-24,female,65
Logan,20-24,female,21
McHenry,20-24,female,66
McIntosh,20-24,female,40
McKenzie,20-24,female,437
McLean,20-24,female,150
Mercer,20-24,female,139
Morton,20-24,female,943
Mountrail,20-24,female,225
Nelson,20-24,female,26
Oliver,20-24,female,27
Pembina,20-24,female,98
Pierce,20-24,female,59
Ramsey,20-24,female,292
Ransom,20-24,female,139
Renville,20-24,female,47
Richland,20-24,female,502
Rolette,20-24,female,300
Sargent,20-24,female,69
Sheridan,20-24,female,12
Sioux,20-24,female,123
Slope,20-24,female,6
Stark,20-24,female,1059
Steele,20-24,female,26
Stutsman,20-24,female,669
Towner,20-24,female,33
Traill,20-24,female,255
Walsh,20-24,female,213
Ward,20-24,female,2819
Wells,20-24,female,47
Williams,20-24,female,1263
Adams,25-29,female,52
Barnes,25-29,female,247
Benson,25-29,female,149
Billings,25-29,female,25
Bottineau,25-29,female,166
Bowman,25-29,female,77
Burke,25-29,female,45
Burleigh,25-29,female,3187
Cass,25-29,female,8402
Cavalier,25-29,female,100
Dickey,25-29,female,119
Divide,25-29,female,54
Dunn,25-29,female,112
Eddy,25-29,female,56
Emmons,25-29,female,57
Foster,25-29,female,91
Golden Valley,25-29,female,46
Grand Forks,25-29,female,2856
Grant,25-29,female,49
Griggs,25-29,female,52
Hettinger,25-29,female,82
Kidder,25-29,female,47
LaMoure,25-29,female,83
Logan,25-29,female,38
McHenry,25-29,female,114
McIntosh,25-29,female,42
McKenzie,25-29,female,675
McLean,25-29,female,212
Mercer,25-29,female,182
Morton,25-29,female,1171
Mountrail,25-29,female,305
Nelson,25-29,female,52
Oliver,25-29,female,35
Pembina,25-29,female,133
Pierce,25-29,female,70
Ramsey,25-29,female,308
Ransom,25-29,female,139
Renville,25-29,female,47
Richland,25-29,female,432
Rolette,25-29,female,321
Sargent,25-29,female,84
Sheridan,25-29,female,20
Sioux,25-29,female,100
Slope,25-29,female,20
Stark,25-29,female,1254
Steele,25-29,female,38
Stutsman,25-29,female,579
Towner,25-29,female,30
Traill,25-29,female,191
Walsh,25-29,female,235
Ward,25-29,female,2789
Wells,25-29,female,74
Williams,25-29,female,1726
Adams,30-34,female,46
Barnes,30-34,female,265
Benson,30-34,female,178
Billings,30-34,female,26
Bottineau,30-34,female,165
Bowman,30-34,female,75
Burke,30-34,female,56
Burleigh,30-34,female,3524
Cass,30-34,female,7934
Cavalier,30-34,female,86
Dickey,30-34,female,130
Divide,30-34,female,67
Dunn,30-34,female,143
Eddy,30-34,female,57
Emmons,30-34,female,65
Foster,30-34,female,82
Golden Valley,30-34,female,18
Grand Forks,30-34,female,2604
Grant,30-34,female,45
Griggs,30-34,female,56
Hettinger,30-34,female,75
Kidder,30-34,female,48
LaMoure,30-34,female,109
Logan,30-34,female,39
McHenry,30-34,female,118
McIntosh,30-34,female,49
McKenzie,30-34,female,588
McLean,30-34,female,294
Mercer,30-34,female,223
Morton,30-34,female,1196
Mountrail,30-34,female,330
Nelson,30-34,female,59
Oliver,30-34,female,48
Pembina,30-34,female,194
Pierce,30-34,female,90
Ramsey,30-34,female,327
Ransom,30-34,female,133
Renville,30-34,female,59
Richland,30-34,female,454
Rolette,30-34,female,347
Sargent,30-34,female,86
Sheridan,30-34,female,34
Sioux,30-34,female,104
Slope,30-34,female,17
Stark,30-34,female,1332
Steele,30-34,female,58
Stutsman,30-34,female,580
Towner,30-34,female,62
Traill,30-34,female,221
Walsh,30-34,female,270
Ward,30-34,female,2574
Wells,30-34,female,105
Williams,30-34,female,1712
Adams,35-39,female,45
Barnes,35-39,female,279
Benson,35-39,female,148
Billings,35-39,female,25
Bottineau,35-39,female,162
Bowman,35-39,female,85
Burke,35-39,female,73
Burleigh,35-39,female,3607
Cass,35-39,female,7385
Cavalier,35-39,female,87
Dickey,35-39,female,139
Divide,35-39,female,65
Dunn,35-39,female,134
Eddy,35-39,female,62
Emmons,35-39,female,66
Foster,35-39,female,90
Golden Valley,35-39,female,55
Grand Forks,35-39,female,2233
Grant,35-39,female,58
Griggs,35-39,female,54
Hettinger,35-39,female,56
Kidder,35-39,female,70
LaMoure,35-39,female,101
Logan,35-39,female,39
McHenry,35-39,female,184
McIntosh,35-39,female,68
McKenzie,35-39,female,497
McLean,35-39,female,254
Mercer,35-39,female,249
Morton,35-39,female,1147
Mountrail,35-39,female,300
Nelson,35-39,female,89
Oliver,35-39,female,42
Pembina,35-39,female,179
Pierce,35-39,female,98
Ramsey,35-39,female,313
Ransom,35-39,female,143
Renville,35-39,female,54
Richland,35-39,female,479
Rolette,35-39,female,351
Sargent,35-39,female,89
Sheridan,35-39,female,32
Sioux,35-39,female,120
Slope,35-39,female,24
Stark,35-39,female,1178
Steele,35-39,female,37
Stutsman,35-39,female,582
Towner,35-39,female,48
Traill,35-39,female,206
Walsh,35-39,female,282
Ward,35-39,female,2293
Wells,35-39,female,83
Williams,35-39,female,1455
Adams,40-44,female,39
Barnes,40-44,female,251
Benson,40-44,female,152
Billings,40-44,female,37
Bottineau,40-44,female,157
Bowman,40-44,female,70
Burke,40-44,female,59
Burleigh,40-44,female,3016
Cass,40-44,female,5918
Cavalier,40-44,female,70
Dickey,40-44,female,119
Divide,40-44,female,64
Dunn,40-44,female,93
Eddy,40-44,female,52
Emmons,40-44,female,73
Foster,40-44,female,68
Golden Valley,40-44,female,52
Grand Forks,40-44,female,1793
Grant,40-44,female,43
Griggs,40-44,female,42
Hettinger,40-44,female,64
Kidder,40-44,female,62
LaMoure,40-44,female,100
Logan,40-44,female,56
McHenry,40-44,female,132
McIntosh,40-44,female,44
McKenzie,40-44,female,382
McLean,40-44,female,255
Mercer,40-44,female,223
Morton,40-44,female,956
Mountrail,40-44,female,266
Nelson,40-44,female,63
Oliver,40-44,female,54
Pembina,40-44,female,165
Pierce,40-44,female,107
Ramsey,40-44,female,266
Ransom,40-44,female,161
Renville,40-44,female,61
Richland,40-44,female,384
Rolette,40-44,female,310
Sargent,40-44,female,88
Sheridan,40-44,female,24
Sioux,40-44,female,92
Slope,40-44,female,17
Stark,40-44,female,849
Steele,40-44,female,33
Stutsman,40-44,female,579
Towner,40-44,female,32
Traill,40-44,female,192
Walsh,40-44,female,251
Ward,40-44,female,1829
Wells,40-44,female,73
Williams,40-44,female,1024
Adams,45-49,female,62
Barnes,45-49,female,272
Benson,45-49,female,107
Billings,45-49,female,18
Bottineau,45-49,female,149
Bowman,45-49,female,65
Burke,45-49,female,52
Burleigh,45-49,female,2751
Cass,45-49,female,5178
Cavalier,45-49,female,83
Dickey,45-49,female,122
Divide,45-49,female,37
Dunn,45-49,female,84
Eddy,45-49,female,54
Emmons,45-49,female,72
Foster,45-49,female,91
Golden Valley,45-49,female,47
Grand Forks,45-49,female,1611
Grant,45-49,female,45
Griggs,45-49,female,60
Hettinger,45-49,female,48
Kidder,45-49,female,47
LaMoure,45-49,female,102
Logan,45-49,female,45
McHenry,45-49,female,141
McIntosh,45-49,female,44
McKenzie,45-49,female,334
McLean,45-49,female,260
Mercer,45-49,female,221
Morton,45-49,female,931
Mountrail,45-49,female,253
Nelson,45-49,female,56
Oliver,45-49,female,27
Pembina,45-49,female,155
Pierce,45-49,female,99
Ramsey,45-49,female,274
Ransom,45-49,female,131
Renville,45-49,female,67
Richland,45-49,female,361
Rolette,45-49,female,250
Sargent,45-49,female,88
Sheridan,45-49,female,30
Sioux,45-49,female,97
Slope,45-49,female,15
Stark,45-49,female,786
Steele,45-49,female,47
Stutsman,45-49,female,504
Towner,45-49,female,58
Traill,45-49,female,195
Walsh,45-49,female,254
Ward,45-49,female,1684
Wells,45-49,female,84
Williams,45-49,female,922
Adams,50-54,female,60
Barnes,50-54,female,307
Benson,50-54,female,137
Billings,50-54,female,38
Bottineau,50-54,female,165
Bowman,50-54,female,53
Burke,50-54,female,45
Burleigh,50-54,female,2686
Cass,50-54,female,5067
Cavalier,50-54,female,93
Dickey,50-54,female,117
Divide,50-54,female,51
Dunn,50-54,female,119
Eddy,50-54,female,54
Emmons,50-54,female,97
Foster,50-54,female,105
Golden Valley,50-54,female,46
Grand Forks,50-54,female,1657
Grant,50-54,female,59
Griggs,50-54,female,54
Hettinger,50-54,female,74
Kidder,50-54,female,74
LaMoure,50-54,female,81
Logan,50-54,female,43
McHenry,50-54,female,141
McIntosh,50-54,female,63
McKenzie,50-54,female,350
McLean,50-54,female,244
Mercer,50-54,female,204
Morton,50-54,female,925
Mountrail,50-54,female,226
Nelson,50-54,female,99
Oliver,50-54,female,48
Pembina,50-54,female,173
Pierce,50-54,female,119
Ramsey,50-54,female,339
Ransom,50-54,female,150
Renville,50-54,female,72
Richland,50-54,female,440
Rolette,50-54,female,326
Sargent,50-54,female,127
Sheridan,50-54,female,35
Sioux,50-54,female,122
Slope,50-54,female,9
Stark,50-54,female,830
Steele,50-54,female,39
Stutsman,50-54,female,578
Towner,50-54,female,56
Traill,50-54,female,250
Walsh,50-54,female,270
Ward,50-54,female,1606
Wells,50-54,female,120
Williams,50-54,female,929
Adams,55-59,female,89
Barnes,55-59,female,377
Benson,55-59,female,174
Billings,55-59,female,45
Bottineau,55-59,female,220
Bowman,55-59,female,102
Burke,55-59,female,68
Burleigh,55-59,female,3214
Cass,55-59,female,5292
Cavalier,55-59,female,134
Dickey,55-59,female,147
Divide,55-59,female,76
Dunn,55-59,female,137
Eddy,55-59,female,81
Emmons,55-59,female,136
Foster,55-59,female,130
Golden Valley,55-59,female,65
Grand Forks,55-59,female,2002
Grant,55-59,female,97
Griggs,55-59,female,75
Hettinger,55-59,female,104
Kidder,55-59,female,82
LaMoure,55-59,female,150
Logan,55-59,female,72
McHenry,55-59,female,183
McIntosh,55-59,female,104
McKenzie,55-59,female,365
McLean,55-59,female,345
Mercer,55-59,female,346
Morton,55-59,female,1101
Mountrail,55-59,female,283
Nelson,55-59,female,112
Oliver,55-59,female,70
Pembina,55-59,female,248
Pierce,55-59,female,128
Ramsey,55-59,female,406
Ransom,55-59,female,201
Renville,55-59,female,102
Richland,55-59,female,613
Rolette,55-59,female,404
Sargent,55-59,female,126
Sheridan,55-59,female,56
Sioux,55-59,female,113
Slope,55-59,female,25
Stark,55-59,female,971
Steele,55-59,female,77
Stutsman,55-59,female,721
Towner,55-59,female,91
Traill,55-59,female,260
Walsh,55-59,female,399
Ward,55-59,female,1902
Wells,55-59,female,187
Williams,55-59,female,958
Adams,60-64,female,89
Barnes,60-64,female,420
Benson,60-64,female,175
Billings,60-64,female,55
Bottineau,60-64,female,238
Bowman,60-64,female,131
Burke,60-64,female,73
Burleigh,60-64,female,3486
Cass,60-64,female,5467
Cavalier,60-64,female,130
Dickey,60-64,female,195
Divide,60-64,female,75
Dunn,60-64,female,136
Eddy,60-64,female,88
Emmons,60-64,female,113
Foster,60-64,female,128
Golden Valley,60-64,female,78
Grand Forks,60-64,female,2034
Grant,60-64,female,97
Griggs,60-64,female,81
Hettinger,60-64,female,102
Kidder,60-64,female,92
LaMoure,60-64,female,187
Logan,60-64,female,62
McHenry,60-64,female,207
McIntosh,60-64,female,104
McKenzie,60-64,female,290
McLean,60-64,female,424
Mercer,60-64,female,376
Morton,60-64,female,1176
Mountrail,60-64,female,299
Nelson,60-64,female,149
Oliver,60-64,female,109
Pembina,60-64,female,283
Pierce,60-64,female,157
Ramsey,60-64,female,430
Ransom,60-64,female,203
Renville,60-64,female,88
Richland,60-64,female,644
Rolette,60-64,female,368
Sargent,60-64,female,131
Sheridan,60-64,female,46
Sioux,60-64,female,80
Slope,60-64,female,33
Stark,60-64,female,1020
Steele,60-64,female,73
Stutsman,60-64,female,824
Towner,60-64,female,94
Traill,60-64,female,287
Walsh,60-64,female,390
Ward,60-64,female,1830
Wells,60-64,female,160
Williams,60-64,female,958
Adams,65-69,female,104
Barnes,65-69,female,368
Benson,65-69,female,159
Billings,65-69,female,33
Bottineau,65-69,female,269
Bowman,65-69,female,112
Burke,65-69,female,62
Burleigh,65-69,female,2960
Cass,65-69,female,4653
Cavalier,65-69,female,139
Dickey,65-69,female,146
Divide,65-69,female,70
Dunn,65-69,female,107
Eddy,65-69,female,90
Emmons,65-69,female,119
Foster,65-69,female,106
Golden Valley,65-69,female,57
Grand Forks,65-69,female,1702
Grant,65-69,female,92
Griggs,65-69,female,102
Hettinger,65-69,female,89
Kidder,65-69,female,100
LaMoure,65-69,female,138
Logan,65-69,female,54
McHenry,65-69,female,194
McIntosh,65-69,female,89
McKenzie,65-69,female,223
McLean,65-69,female,397
Mercer,65-69,female,264
Morton,65-69,female,967
Mountrail,65-69,female,241
Nelson,65-69,female,137
Oliver,65-69,female,52
Pembina,65-69,female,268
Pierce,65-69,female,143
Ramsey,65-69,female,366
Ransom,65-69,female,168
Renville,65-69,female,92
Richland,65-69,female,527
Rolette,65-69,female,309
Sargent,65-69,female,133
Sheridan,65-69,female,44
Sioux,65-69,female,95
Slope,65-69,female,31
Stark,65-69,female,651
Steele,65-69,female,67
Stutsman,65-69,female,701
Towner,65-69,female,79
Traill,65-69,female,247
Walsh,65-69,female,332
Ward,65-69,female,1535
Wells,65-69,female,131
Williams,65-69,female,658
Adams,70-74,female,79
Barnes,70-74,female,302
Benson,70-74,female,114
Billings,70-74,female,28
Bottineau,70-74,female,201
Bowman,70-74,female,78
Burke,70-74,female,71
Burleigh,70-74,female,2214
Cass,70-74,female,3322
Cavalier,70-74,female,103
Dickey,70-74,female,128
Divide,70-74,female,53
Dunn,70-74,female,74
Eddy,70-74,female,51
Emmons,70-74,female,110
Foster,70-74,female,92
Golden Valley,70-74,female,49
Grand Forks,70-74,female,1254
Grant,70-74,female,80
Griggs,70-74,female,75
Hettinger,70-74,female,86
Kidder,70-74,female,69
LaMoure,70-74,female,113
Logan,70-74,female,50
McHenry,70-74,female,123
McIntosh,70-74,female,70
McKenzie,70-74,female,138
McLean,70-74,female,314
Mercer,70-74,female,208
Morton,70-74,female,774
Mountrail,70-74,female,157
Nelson,70-74,female,109
Oliver,70-74,female,70
Pembina,70-74,female,182
Pierce,70-74,female,108
Ramsey,70-74,female,295
Ransom,70-74,female,125
Renville,70-74,female,63
Richland,70-74,female,353
Rolette,70-74,female,216
Sargent,70-74,female,99
Sheridan,70-74,female,35
Sioux,70-74,female,45
Slope,70-74,female,14
Stark,70-74,female,527
Steele,70-74,female,51
Stutsman,70-74,female,538
Towner,70-74,female,52
Traill,70-74,female,178
Walsh,70-74,female,264
Ward,70-74,female,1080
Wells,70-74,female,148
Williams,70-74,female,397
Adams,75-79,female,53
Barnes,75-79,female,221
Benson,75-79,female,62
Billings,75-79,female,18
Bottineau,75-79,female,132
Bowman,75-79,female,60
Burke,75-79,female,29
Burleigh,75-79,female,1562
Cass,75-79,female,2133
Cavalier,75-79,female,87
Dickey,75-79,female,118
Divide,75-79,female,40
Dunn,75-79,female,56
Eddy,75-79,female,43
Emmons,75-79,female,82
Foster,75-79,female,62
Golden Valley,75-79,female,48
Grand Forks,75-79,female,863
Grant,75-79,female,59
Griggs,75-79,female,67
Hettinger,75-79,female,56
Kidder,75-79,female,51
LaMoure,75-79,female,87
Logan,75-79,female,64
McHenry,75-79,female,90
McIntosh,75-79,female,74
McKenzie,75-79,female,121
McLean,75-79,female,210
Mercer,75-79,female,138
Morton,75-79,female,519
Mountrail,75-79,female,87
Nelson,75-79,female,79
Oliver,75-79,female,25
Pembina,75-79,female,119
Pierce,75-79,female,99
Ramsey,75-79,female,234
Ransom,75-79,female,101
Renville,75-79,female,37
Richland,75-79,female,257
Rolette,75-79,female,134
Sargent,75-79,female,73
Sheridan,75-79,female,38
Sioux,75-79,female,29
Slope,75-79,female,5
Stark,75-79,female,406
Steele,75-79,female,26
Stutsman,75-79,female,381
Towner,75-79,female,41
Traill,75-79,female,161
Walsh,75-79,female,172
Ward,75-79,female,853
Wells,75-79,female,101
Williams,75-79,female,278
Adams,80-84,female,36
Barnes,80-84,female,171
Benson,80-84,female,57
Billings,80-84,female,11
Bottineau,80-84,female,90
Bowman,80-84,female,45
Burke,80-84,female,30
Burleigh,80-84,female,1231
Cass,80-84,female,1625
Cavalier,80-84,female,73
Dickey,80-84,female,75
Divide,80-84,female,25
Dunn,80-84,female,48
Eddy,80-84,female,50
Emmons,80-84,female,74
Foster,80-84,female,56
Golden Valley,80-84,female,22
Grand Forks,80-84,female,702
Grant,80-84,female,49
Griggs,80-84,female,30
Hettinger,80-84,female,34
Kidder,80-84,female,30
LaMoure,80-84,female,83
Logan,80-84,female,36
McHenry,80-84,female,76
McIntosh,80-84,female,69
McKenzie,80-84,female,69
McLean,80-84,female,129
Mercer,80-84,female,110
Morton,80-84,female,372
Mountrail,80-84,female,64
Nelson,80-84,female,65
Oliver,80-84,female,21
Pembina,80-84,female,117
Pierce,80-84,female,67
Ramsey,80-84,female,160
Ransom,80-84,female,61
Renville,80-84,female,37
Richland,80-84,female,209
Rolette,80-84,female,106
Sargent,80-84,female,40
Sheridan,80-84,female,29
Sioux,80-84,female,20
Slope,80-84,female,10
Stark,80-84,female,323
Steele,80-84,female,27
Stutsman,80-84,female,288
Towner,80-84,female,32
Traill,80-84,female,96
Walsh,80-84,female,169
Ward,80-84,female,654
Wells,80-84,female,74
Williams,80-84,female,243
Adams,85+,female,61
Barnes,85+,female,236
Benson,85+,female,50
Billings,85+,female,4
Bottineau,85+,female,127
Bowman,85+,female,52
Burke,85+,female,38
Burleigh,85+,female,1631
Cass,85+,female,2041
Cavalier,85+,female,87
Dickey,85+,female,98
Divide,85+,female,45
Dunn,85+,female,53
Eddy,85+,female,68
Emmons,85+,female,83
Foster,85+,female,81
Golden Valley,85+,female,30
Grand Forks,85+,female,866
Grant,85+,female,59
Griggs,85+,female,70
Hettinger,85+,female,49
Kidder,85+,female,29
LaMoure,85+,female,104
Logan,85+,female,48
McHenry,85+,female,99
McIntosh,85+,female,134
McKenzie,85+,female,75
McLean,85+,female,152
Mercer,85+,female,135
Morton,85+,female,494
Mountrail,85+,female,82
Nelson,85+,female,95
Oliver,85+,female,17
Pembina,85+,female,134
Pierce,85+,female,95
Ramsey,85+,female,214
Ransom,85+,female,134
Renville,85+,female,35
Richland,85+,female,290
Rolette,85+,female,127
Sargent,85+,female,53
Sheridan,85+,female,32
Sioux,85+,female,14
Slope,85+,female,16
Stark,85+,female,474
Steele,85+,female,29
Stutsman,85+,female,451
Towner,85+,female,61
Traill,85+,female,168
Walsh,85+,female,259
Ward,85+,female,809
Wells,85+,female,121
Williams,85+,female,286
