county_name,age_group,sex,population
Adams,0-4,male,61
Barnes,0-4,male,232
Benson,0-4,male,293
Billings,0-4,male,30
Bottineau,0-4,male,190
Bowman,0-4,male,91
Burke,0-4,male,83
Burleigh,0-4,male,3197
Cass,0-4,male,6236
Cavalier,0-4,male,138
Dickey,0-4,male,155
Divide,0-4,male,90
Dunn,0-4,male,160
Eddy,0-4,male,74
Emmons,0-4,male,78
Foster,0-4,male,95
Golden Valley,0-4,male,56
Grand Forks,0-4,male,2421
Grant,0-4,male,52
Griggs,0-4,male,46
Hettinger,0-4,male,92
Kidder,0-4,male,82
LaMoure,0-4,male,131
Logan,0-4,male,53
McHenry,0-4,male,189
McIntosh,0-4,male,67
McKenzie,0-4,male,683
McLean,0-4,male,251
Mercer,0-4,male,245
Morton,0-4,male,1186
Mountrail,0-4,male,415
Nelson,0-4,male,62
Oliver,0-4,male,72
Pembina,0-4,male,215
Pierce,0-4,male,107
Ramsey,0-4,male,389
Ransom,0-4,male,196
Renville,0-4,male,71
Richland,0-4,male,503
Rolette,0-4,male,516
Sargent,0-4,male,95
Sheridan,0-4,male,31
Sioux,0-4,male,160
Slope,0-4,male,14
Stark,0-4,male,1380
Steele,0-4,male,51
Stutsman,0-4,male,561
Towner,0-4,male,59
Traill,0-4,male,248
Walsh,0-4,male,330
Ward,0-4,male,2604
Wells,0-4,male,96
Williams,0-4,male,1853
Adams,5-9,male,55
Barnes,5-9,male,330
Benson,5-9,male,251
Billings,5-9,male,35
Bottineau,5-9,male,183
Bowman,5-9,male,98
Burke,5-9,male,69
Burleigh,5-9,male,3311
Cass,5-9,male,6180
Cavalier,5-9,male,109
Dickey,5-9,male,177
Divide,5-9,male,50
Dunn,5-9,male,134
Eddy,5-9,male,72
Emmons,5-9,male,73
Foster,5-9,male,102
Golden Valley,5-9,male,72
Grand Forks,5-9,male,2238
Grant,5-9,male,67
Griggs,5-9,male,79
Hettinger,5-9,male,79
Kidder,5-9,male,81
LaMoure,5-9,male,136
Logan,5-9,male,72
McHenry,5-9,male,179
McIntosh,5-9,male,71
McKenzie,5-9,male,649
McLean,5-9,male,314
Mercer,5-9,male,292
Morton,5-9,male,1101
Mountrail,5-9,male,367
Nelson,5-9,male,102
Oliver,5-9,male,55
Pembina,5-9,male,222
Pierce,5-9,male,127
Ramsey,5-9,male,410
Ransom,5-9,male,194
Renville,5-9,male,76
Richland,5-9,male,553
Rolette,5-9,male,654
Sargent,5-9,male,126
Sheridan,5-9,male,48
Sioux,5-9,male,184
Slope,5-9,male,26
Stark,5-9,male,1340
Steele,5-9,male,65
Stutsman,5-9,male,597
Towner,5-9,male,87
Traill,5-9,male,290
Walsh,5-9,male,353
Ward,5-9,male,2547
Wells,5-9,male,127
Williams,5-9,male,1706
Adams,10-14,male,55
Barnes,10-14,male,298
Benson,10-14,male,310
Billings,10-14,male,27
Bottineau,10-14,male,223
Bowman,10-14,male,114
Burke,10-14,male,95
Burleigh,10-14,male,3296
Cass,10-14,male,5823
Cavalier,10-14,male,104
Dickey,10-14,male,197
Divide,10-14,male,62
Dunn,10-14,male,151
Eddy,10-14,male,91
Emmons,10-14,male,117
Foster,10-14,male,115
Golden Valley,10-14,male,68
Grand Forks,10-14,male,2084
Grant,10-14,male,60
Griggs,10-14,male,73
Hettinger,10-14,male,69
Kidder,10-14,male,70
LaMoure,10-14,male,128
Logan,10-14,male,69
McHenry,10-14,male,172
McIntosh,10-14,male,84
McKenzie,10-14,male,605
McLean,10-14,male,316
Mercer,10-14,male,280
Morton,10-14,male,1087
Mountrail,10-14,male,398
Nelson,10-14,male,56
Oliver,10-14,male,69
Pembina,10-14,male,244
Pierce,10-14,male,136
Ramsey,10-14,male,389
Ransom,10-14,male,211
Renville,10-14,male,79
Richland,10-14,male,536
Rolette,10-14,male,624
Sargent,10-14,male,133
Sheridan,10-14,male,30
Sioux,10-14,male,225
Slope,10-14,male,23
Stark,10-14,male,1151
Steele,10-14,male,47
Stutsman,10-14,male,622
Towner,10-14,male,77
Traill,10-14,male,263
Walsh,10-14,male,361
Ward,10-14,male,2319
Wells,10-14,male,126
Williams,10-14,male,1411
Adams,15-19,male,65
Barnes,15-19,male,411
Benson,15-19,male,282
Billings,15-19,male,21
Bottineau,15-19,male,207
Bowman,15-19,male,86
Burke,15-19,male,81
Burleigh,15-19,male,3288
Cass,15-19,male,5994
Cavalier,15-19,male,102
Dickey,15-19,male,163
Divide,15-19,male,73
Dunn,15-19,male,120
Eddy,15-19,male,69
Emmons,15-19,male,96
Foster,15-19,male,95
Golden Valley,15-19,male,78
Grand Forks,15-19,male,3114
Grant,15-19,male,45
Griggs,15-19,male,54
Hettinger,15-19,male,66
Kidder,15-19,male,63
LaMoure,15-19,male,115
Logan,15-19,male,56
McHenry,15-19,male,157
McIntosh,15-19,male,63
McKenzie,15-19,male,469
McLean,15-19,male,294
Mercer,15-19,male,273
Morton,15-19,male,973
Mountrail,15-19,male,322
Nelson,15-19,male,81
Oliver,15-19,male,51
Pembina,15-19,male,191
Pierce,15-19,male,105
Ramsey,15-19,male,349
Ransom,15-19,male,205
Renville,15-19,male,61
Richland,15-19,male,829
Rolette,15-19,male,513
Sargent,15-19,male,101
Sheridan,15-19,male,27
Sioux,15-19,male,200
Slope,15-19,male,20
Stark,15-19,male,1060
Steele,15-19,male,55
Stutsman,15-19,male,751
Towner,15-19,male,46
Traill,15-19,male,297
Walsh,15-19,male,292
Ward,15-19,male,2255
Wells,15-19,male,93
Williams,15-19,male,1212
Adams,20-24,male,33
Barnes,20-24,male,439
Benson,20-24,male,138
Billings,20-24,male,22
Bottineau,20-24,male,150
Bowman,20-24,male,47
Burke,20-24,male,48
Burleigh,20-24,male,3237
Cass,20-24,male,9515
Cavalier,20-24,male,87
Dickey,20-24,male,155
Divide,20-24,male,34
Dunn,20-24,male,98
Eddy,20-24,male,52
Emmons,20-24,male,59
Foster,20-24,male,66
Golden Valley,20-24,male,41
Grand Forks,20-24,male,5220
Grant,20-24,male,40
Griggs,20-24,male,54
Hettinger,20-24,male,33
Kidder,20-24,male,62
LaMoure,20-24,male,81
Logan,20-24,male,50
McHenry,20-24,male,107
McIntosh,20-24,male,53
McKenzie,20-24,male,501
McLean,20-24,male,159
Mercer,20-24,male,161
Morton,20-24,male,1022
Mountrail,20-24,male,293
Nelson,20-24,male,56
Oliver,20-24,male,41
Pembina,20-24,male,134
Pierce,20-24,male,90
Ramsey,20-24,male,342
Ransom,20-24,male,131
Renville,20-24,male,35
Richland,20-24,male,600
Rolette,20-24,male,292
Sargent,20-24,male,113
Sheridan,20-24,male,20
Sioux,20-24,male,109
Slope,20-24,male,12
Stark,20-24,male,1205
Steele,20-24,male,29
Stutsman,20-24,male,837
Towner,20-24,male,26
Traill,20-24,male,294
Walsh,20-24,male,262
Ward,20-24,male,3572
Wells,20-24,male,72
Williams,20-24,male,1599
Adams,25-29,male,35
Barnes,25-29,male,294
Benson,25-29,male,167
Billings,25-29,male,33
Bottineau,25-29,male,164
Bowman,25-29,male,82
Burke,25-29,male,69
Burleigh,25-29,male,3386
Cass,25-29,male,8166
Cavalier,25-29,male,87
Dickey,25-29,male,117
Divide,25-29,male,55
Dunn,25-29,male,125
Eddy,25-29,male,77
Emmons,25-29,male,76
Foster,25-29,male,101
Golden Valley,25-29,male,44
Grand Forks,25-29,male,3317
Grant,25-29,male,50
Griggs,25-29,male,66
Hettinger,25-29,male,63
Kidder,25-29,male,66
LaMoure,25-29,male,92
Logan,25-29,male,34
McHenry,25-29,male,113
McIntosh,25-29,male,63
McKenzie,25-29,male,803
McLean,25-29,male,210
Mercer,25-29,male,182
Morton,25-29,male,1134
Mountrail,25-29,male,396
Nelson,25-29,male,78
Oliver,25-29,male,29
Pembina,25-29,male,161
Pierce,25-29,male,101
Ramsey,25-29,male,326
Ransom,25-29,male,171
Renville,25-29,male,64
Richland,25-29,male,471
Rolette,25-29,male,324
Sargent,25-29,male,127
Sheridan,25-29,male,33
Sioux,25-29,male,132
Slope,25-29,male,16
Stark,25-29,male,1412
Steele,25-29,male,42
Stutsman,25-29,male,714
Towner,25-29,male,45
Traill,25-29,male,247
Walsh,25-29,male,280
Ward,25-29,male,3400
Wells,25-29,male,79
Williams,25-29,male,2235
Adams,30-34,male,68
Barnes,30-34,male,272
Benson,30-34,male,163
Billings,30-34,male,36
Bottineau,30-34,male,183
Bowman,30-34,male,88
Burke,30-34,male,49
Burleigh,30-34,male,3610
Cass,30-34,male,7885
Cavalier,30-34,male,122
Dickey,30-34,male,148
Divide,30-34,male,78
Dunn,30-34,male,157
Eddy,30-34,male,83
Emmons,30-34,male,79
Foster,30-34,male,113
Golden Valley,30-34,male,32
Grand Forks,30-34,male,2921
Grant,30-34,male,36
Griggs,30-34,male,56
Hettinger,30-34,male,72
Kidder,30-34,male,76
LaMoure,30-34,male,108
Logan,30-34,male,44
McHenry,30-34,male,138
McIntosh,30-34,male,63
McKenzie,30-34,male,784
McLean,30-34,male,286
Mercer,30-34,male,267
Morton,30-34,male,1205
Mountrail,30-34,male,359
Nelson,30-34,male,79
Oliver,30-34,male,56
Pembina,30-34,male,196
Pierce,30-34,male,122
Ramsey,30-34,male,377
Ransom,30-34,male,166
Renville,30-34,male,75
Richland,30-34,male,480
Rolette,30-34,male,299
Sargent,30-34,male,132
Sheridan,30-34,male,29
Sioux,30-34,male,136
Slope,30-34,male,10
Stark,30-34,male,1542
Steele,30-34,male,39
Stutsman,30-34,male,781
Towner,30-34,male,57
Traill,30-34,male,218
Walsh,30-34,male,311
Ward,30-34,male,2927
Wells,30-34,male,109
Williams,30-34,male,2302
Adams,35-39,male,54
Barnes,35-39,male,307
Benson,35-39,male,177
Billings,35-39,male,23
Bottineau,35-39,male,166
Bowman,35-39,male,100
Burke,35-39,male,77
Burleigh,35-39,male,3747
Cass,35-39,male,7424
Cavalier,35-39,male,97
Dickey,35-39,male,139
Divide,35-39,male,66
Dunn,35-39,male,144
Eddy,35-39,male,65
Emmons,35-39,male,67
Foster,35-39,male,90
Golden Valley,35-39,male,57
Grand Forks,35-39,male,2441
Grant,35-39,male,63
Griggs,35-39,male,59
Hettinger,35-39,male,80
Kidder,35-39,male,69
LaMoure,35-39,male,109
Logan,35-39,male,49
McHenry,35-39,male,178
McIntosh,35-39,male,63
McKenzie,35-39,male,628
McLean,35-39,male,305
Mercer,35-39,male,263
Morton,35-39,male,1237
Mountrail,35-39,male,382
Nelson,35-39,male,81
Oliver,35-39,male,62
Pembina,35-39,male,226
Pierce,35-39,male,114
Ramsey,35-39,male,368
Ransom,35-39,male,160
Renville,35-39,male,82
Richland,35-39,male,482
Rolette,35-39,male,354
Sargent,35-39,male,109
Sheridan,35-39,male,31
Sioux,35-39,male,142
Slope,35-39,male,29
Stark,35-39,male,1385
Steele,35-39,male,64
Stutsman,35-39,male,692
Towner,35-39,male,66
Traill,35-39,male,208
Walsh,35-39,male,315
Ward,35-39,male,2702
Wells,35-39,male,86
Williams,35-39,male,1805
Adams,40-44,male,49
Barnes,40-44,male,278
Benson,40-44,male,170
Billings,40-44,male,32
Bottineau,40-44,male,175
Bowman,40-44,male,91
Burke,40-44,male,63
Burleigh,40-44,male,3222
Cass,40-44,male,6049
Cavalier,40-44,male,82
Dickey,40-44,male,141
Divide,40-44,male,72
Dunn,40-44,male,127
Eddy,40-44,male,57
Emmons,40-44,male,75
Foster,40-44,male,83
Golden Valley,40-44,male,59
Grand Forks,40-44,male,1923
Grant,40-44,male,60
Griggs,40-44,male,51
Hettinger,40-44,male,46
Kidder,40-44,male,53
LaMoure,40-44,male,98
Logan,40-44,male,42
McHenry,40-44,male,199
McIntosh,40-44,male,45
McKenzie,40-44,male,475
McLean,40-44,male,269
Mercer,40-44,male,261
Morton,40-44,male,1032
Mountrail,40-44,male,314
Nelson,40-44,male,70
Oliver,40-44,male,56
Pembina,40-44,male,191
Pierce,40-44,male,112
Ramsey,40-44,male,302
Ransom,40-44,male,164
Renville,40-44,male,46
Richland,40-44,male,475
Rolette,40-44,male,300
Sargent,40-44,male,142
Sheridan,40-44,male,40
Sioux,40-44,male,110
Slope,40-44,male,27
Stark,40-44,male,1035
Steele,40-44,male,50
Stutsman,40-44,male,687
Towner,40-44,male,42
Traill,40-44,male,196
Walsh,40-44,male,279
Ward,40-44,male,1995
Wells,40-44,male,75
Williams,40-44,male,1387
Adams,45-49,male,46
Barnes,45-49,male,299
Benson,45-49,male,134
Billings,45-49,male,22
Bottineau,45-49,male,172
Bowman,45-49,male,70
Burke,45-49,male,71
Burleigh,45-49,male,2777
Cass,45-49,male,5090
Cavalier,45-49,male,101
Dickey,45-49,male,132
Divide,45-49,male,60
Dunn,45-49,male,130
Eddy,45-49,male,56
Emmons,45-49,male,77
Foster,45-49,male,96
Golden Valley,45-49,male,39
Grand Forks,45-49,male,1715
Grant,45-49,male,63
Griggs,45-49,male,55
Hettinger,45-49,male,50
Kidder,45-49,male,63
LaMoure,45-49,male,98
Logan,45-49,male,49
McHenry,45-49,male,141
McIntosh,45-49,male,49
McKenzie,45-49,male,440
McLean,45-49,male,272
Mercer,45-49,male,224
Morton,45-49,male,945
Mountrail,45-49,male,278
Nelson,45-49,male,66
Oliver,45-49,male,53
Pembina,45-49,male,170
Pierce,45-49,male,112
Ramsey,45-49,male,272
Ransom,45-49,male,169
Renville,45-49,male,68
Richland,45-49,male,398
Rolette,45-49,male,315
Sargent,45-49,male,120
Sheridan,45-49,male,31
Sioux,45-49,male,94
Slope,45-49,male,13
Stark,45-49,male,916
Steele,45-49,male,60
Stutsman,45-49,male,561
Towner,45-49,male,37
Traill,45-49,male,233
Walsh,45-49,male,296
Ward,45-49,male,1775
Wells,45-49,male,84
Williams,45-49,male,1244
Adams,50-54,male,64
Barnes,50-54,male,311
Benson,50-54,male,151
Billings,50-54,male,30
Bottineau,50-54,male,171
Bowman,50-54,male,74
Burke,50-54,male,71
Burleigh,50-54,male,2744
Cass,50-54,male,4812
Cavalier,50-54,male,102
Dickey,50-54,male,143
Divide,50-54,male,52
Dunn,50-54,male,125
Eddy,50-54,male,58
Emmons,50-54,male,84
Foster,50-54,male,97
Golden Valley,50-54,male,40
Grand Forks,50-54,male,1691
Grant,50-54,male,55
Griggs,50-54,male,74
Hettinger,50-54,male,66
Kidder,50-54,male,82
LaMoure,50-54,male,117
Logan,50-54,male,59
McHenry,50-54,male,169
McIntosh,50-54,male,69
McKenzie,50-54,male,414
McLean,50-54,male,279
Mercer,50-54,male,244
Morton,50-54,male,925
Mountrail,50-54,male,283
Nelson,50-54,male,75
Oliver,50-54,male,56
Pembina,50-54,male,182
Pierce,50-54,male,111
Ramsey,50-54,male,301
Ransom,50-54,male,177
Renville,50-54,male,79
Richland,50-54,male,451
Rolette,50-54,male,309
Sargent,50-54,male,125
Sheridan,50-54,male,58
Sioux,50-54,male,102
Slope,50-54,male,16
Stark,50-54,male,909
Steele,50-54,male,59
Stutsman,50-54,male,656
Towner,50-54,male,80
Traill,50-54,male,212
Walsh,50-54,male,326
Ward,50-54,male,1673
Wells,50-54,male,137
Williams,50-54,male,1177
Adams,55-59,male,90
Barnes,55-59,male,384
Benson,55-59,male,153
Billings,55-59,male,39
Bottineau,55-59,male,251
Bowman,55-59,male,107
Burke,55-59,male,99
Burleigh,55-59,male,2974
Cass,55-59,male,4993
Cavalier,55-59,male,143
Dickey,55-59,male,160
Divide,55-59,male,102
Dunn,55-59,male,153
Eddy,55-59,male,86
Emmons,55-59,male,175
Foster,55-59,male,145
Golden Valley,55-59,male,56
Grand Forks,55-59,male,1949
Grant,55-59,male,98
Griggs,55-59,male,73
Hettinger,55-59,male,103
Kidder,55-59,male,86
LaMoure,55-59,male,171
Logan,55-59,male,75
McHenry,55-59,male,205
McIntosh,55-59,male,89
McKenzie,55-59,male,442
McLean,55-59,male,326
Mercer,55-59,male,346
Morton,55-59,male,1112
Mountrail,55-59,male,322
Nelson,55-59,male,113
Oliver,55-59,male,83
Pembina,55-59,male,279
Pierce,55-59,male,166
Ramsey,55-59,male,434
Ransom,55-59,male,229
Renville,55-59,male,103
Richland,55-59,male,575
Rolette,55-59,male,393
Sargent,55-59,male,171
Sheridan,55-59,male,48
Sioux,55-59,male,123
Slope,55-59,male,17
Stark,55-59,male,1041
Steele,55-59,male,73
Stutsman,55-59,male,775
Towner,55-59,male,119
Traill,55-59,male,319
Walsh,55-59,male,428
Ward,55-59,male,1954
Wells,55-59,male,176
Williams,55-59,male,1264
Adams,60-64,male,99
Barnes,60-64,male,471
Benson,60-64,male,222
Billings,60-64,male,42
Bottineau,60-64,male,275
Bowman,60-64,male,137
Burke,60-64,male,100
Burleigh,60-64,male,3065
Cass,60-64,male,4577
Cavalier,60-64,male,162
Dickey,60-64,male,197
Divide,60-64,male,98
Dunn,60-64,male,166
Eddy,60-64,male,106
Emmons,60-64,male,170
Foster,60-64,male,164
Golden Valley,60-64,male,56
Grand Forks,60-64,male,1990
Grant,60-64,male,98
Griggs,60-64,male,84
Hettinger,60-64,male,101
Kidder,60-64,male,104
LaMoure,60-64,male,173
Logan,60-64,male,88
McHenry,60-64,male,232
McIntosh,60-64,male,142
McKenzie,60-64,male,389
McLean,60-64,male,453
Mercer,60-64,male,420
Morton,60-64,male,1159
Mountrail,60-64,male,325
Nelson,60-64,male,152
Oliver,60-64,male,83
Pembina,60-64,male,318
Pierce,60-64,male,156
Ramsey,60-64,male,445
Ransom,60-64,male,187
Renville,60-64,male,109
Richland,60-64,male,692
Rolette,60-64,male,387
Sargent,60-64,male,150
Sheridan,60-64,male,62
Sioux,60-64,male,86
Slope,60-64,male,51
Stark,60-64,male,1034
Steele,60-64,male,88
Stutsman,60-64,male,873
Towner,60-64,male,115
Traill,60-64,male,284
Walsh,60-64,male,443
Ward,60-64,male,1828
Wells,60-64,male,189
Williams,60-64,male,1171
Adams,65-69,male,101
Barnes,65-69,male,387
Benson,65-69,male,177
Billings,65-69,male,39
Bottineau,65-69,male,259
Bowman,65-69,male,125
Burke,65-69,male,76
Burleigh,65-69,male,2535
Cass,65-69,male,4024
Cavalier,65-69,male,148
Dickey,65-69,male,163
Divide,65-69,male,83
Dunn,65-69,male,140
Eddy,65-69,male,98
Emmons,65-69,male,158
Foster,65-69,male,111
Golden Valley,65-69,male,88
Grand Forks,65-69,male,1636
Grant,65-69,male,113
Griggs,65-69,male,130
Hettinger,65-69,male,105
Kidder,65-69,male,118
LaMoure,65-69,male,182
Logan,65-69,male,58
McHenry,65-69,male,200
McIntosh,65-69,male,117
McKenzie,65-69,male,283
McLean,65-69,male,446
Mercer,65-69,male,313
Morton,65-69,male,936
Mountrail,65-69,male,274
Nelson,65-69,male,133
Oliver,65-69,male,87
Pembina,65-69,male,305
Pierce,65-69,male,150
Ramsey,65-69,male,374
Ransom,65-69,male,232
Renville,65-69,male,97
Richland,65-69,male,548
Rolette,65-69,male,283
Sargent,65-69,male,181
Sheridan,65-69,male,60
Sioux,65-69,male,63
Slope,65-69,male,39
Stark,65-69,male,737
Steele,65-69,male,81
Stutsman,65-69,male,709
Towner,65-69,male,95
Traill,65-69,male,283
Walsh,65-69,male,379
Ward,65-69,male,1556
Wells,65-69,male,167
Williams,65-69,male,757
Adams,70-74,male,80
Barnes,70-74,male,296
Benson,70-74,male,118
Billings,70-74,male,27
Bottineau,70-74,male,218
Bowman,70-74,male,65
Burke,70-74,male,61
Burleigh,70-74,male,1920
Cass,70-74,male,2818
Cavalier,70-74,male,134
Dickey,70-74,male,126
Divide,70-74,male,76
Dunn,70-74,male,87
Eddy,70-74,male,78
Emmons,70-74,male,106
Foster,70-74,male,82
Golden Valley,70-74,male,44
Grand Forks,70-74,male,1216
Grant,70-74,male,94
Griggs,70-74,male,75
Hettinger,70-74,male,85
Kidder,70-74,male,69
LaMoure,70-74,male,120
Logan,70-74,male,40
McHenry,70-74,male,159
McIntosh,70-74,male,67
McKenzie,70-74,male,149
McLean,70-74,male,323
Mercer,70-74,male,207
Morton,70-74,male,690
Mountrail,70-74,male,169
Nelson,70-74,male,124
Oliver,70-74,male,71
Pembina,70-74,male,227
Pierce,70-74,male,107
Ramsey,70-74,male,281
Ransom,70-74,male,157
Renville,70-74,male,75
Richland,70-74,male,384
Rolette,70-74,male,223
Sargent,70-74,male,114
Sheridan,70-74,male,49
Sioux,70-74,male,45
Slope,70-74,male,32
Stark,70-74,male,478
Steele,70-74,male,56
Stutsman,70-74,male,509
Towner,70-74,male,51
Traill,70-74,male,187
Walsh,70-74,male,296
Ward,70-74,male,1027
Wells,70-74,male,117
Williams,70-74,male,428
Adams,75-79,male,56
Barnes,75-79,male,229
Benson,75-79,male,76
Billings,75-79,male,15
Bottineau,75-79,male,145
Bowman,75-79,male,76
Burke,75-79,male,41
Burleigh,75-79,male,1284
Cass,75-79,male,1602
Cavalier,75-79,male,81
Dickey,75-79,male,97
Divide,75-79,male,39
Dunn,75-79,male,41
Eddy,75-79,male,47
Emmons,75-79,male,69
Foster,75-79,male,50
Golden Valley,75-79,male,29
Grand Forks,75-79,male,712
Grant,75-79,male,72
Griggs,75-79,male,63
Hettinger,75-79,male,56
Kidder,75-79,male,55
LaMoure,75-79,male,79
Logan,75-79,male,44
McHenry,75-79,male,113
McIntosh,75-79,male,56
McKenzie,75-79,male,95
McLean,75-79,male,243
Mercer,75-79,male,149
Morton,75-79,male,449
Mountrail,75-79,male,112
Nelson,75-79,male,79
Oliver,75-79,male,29
Pembina,75-79,male,151
Pierce,75-79,male,72
Ramsey,75-79,male,211
Ransom,75-79,male,101
Renville,75-79,male,35
Richland,75-79,male,253
Rolette,75-79,male,136
Sargent,75-79,male,73
Sheridan,75-79,male,29
Sioux,75-79,male,36
Slope,75-79,male,10
Stark,75-79,male,321
Steele,75-79,male,53
Stutsman,75-79,male,282
Towner,75-79,male,41
Traill,75-79,male,115
Walsh,75-79,male,203
Ward,75-79,male,689
Wells,75-79,male,106
Williams,75-79,male,248
Adams,80-84,male,37
Barnes,80-84,male,138
Benson,80-84,male,47
Billings,80-84,male,19
Bottineau,80-84,male,76
Bowman,80-84,male,29
Burke,80-84,male,21
Burleigh,80-84,male,771
Cass,80-84,male,1013
Cavalier,80-84,male,55
Dickey,80-84,male,63
Divide,80-84,male,39
Dunn,80-84,male,52
Eddy,80-84,male,30
Emmons,80-84,male,62
Foster,80-84,male,49
Golden Valley,80-84,male,32
Grand Forks,80-84,male,423
Grant,80-84,male,51
Griggs,80-84,male,36
Hettinger,80-84,male,38
Kidder,80-84,male,44
LaMoure,80-84,male,68
Logan,80-84,male,35
McHenry,80-84,male,64
McIntosh,80-84,male,52
McKenzie,80-84,male,59
McLean,80-84,male,109
Mercer,80-84,male,86
Morton,80-84,male,281
Mountrail,80-84,male,47
Nelson,80-84,male,50
Oliver,80-84,male,20
Pembina,80-84,male,85
Pierce,80-84,male,59
Ramsey,80-84,male,120
Ransom,80-84,male,59
Renville,80-84,male,26
Richland,80-84,male,140
Rolette,80-84,male,94
Sargent,80-84,male,47
Sheridan,80-84,male,19
Sioux,80-84,male,18
Slope,80-84,male,6
Stark,80-84,male,254
Steele,80-84,male,37
Stutsman,80-84,male,213
Towner,80-84,male,35
Traill,80-84,male,100
Walsh,80-84,male,135
Ward,80-84,male,489
Wells,80-84,male,94
Williams,80-84,male,162
Adams,85+,male,32
Barnes,85+,male,129
Benson,85+,male,43
Billings,85+,male,5
Bottineau,85+,male,60
Bowman,85+,male,52
Burke,85+,male,15
Burleigh,85+,male,834
Cass,85+,male,1049
Cavalier,85+,male,58
Dickey,85+,male,60
Divide,85+,male,24
Dunn,85+,male,32
Eddy,85+,male,28
Emmons,85+,male,65
Foster,85+,male,48
Golden Valley,85+,male,5
Grand Forks,85+,male,416
Grant,85+,male,51
Griggs,85+,male,36
Hettinger,85+,male,31
Kidder,85+,male,31
LaMoure,85+,male,78
Logan,85+,male,57
McHenry,85+,male,60
McIntosh,85+,male,70
McKenzie,85+,male,52
McLean,85+,male,138
Mercer,85+,male,70
Morton,85+,male,282
Mountrail,85+,male,66
Nelson,85+,male,77
Oliver,85+,male,13
Pembina,85+,male,86
Pierce,85+,male,69
Ramsey,85+,male,145
Ransom,85+,male,82
Renville,85+,male,23
Richland,85+,male,151
Rolette,85+,male,69
Sargent,85+,male,35
Sheridan,85+,male,22
Sioux,85+,male,12
Slope,85+,male,1
Stark,85+,male,243
Steele,85+,male,10
Stutsman,85+,male,234
Towner,85+,male,34
Traill,85+,male,79
Walsh,85+,male,110
Ward,85+,male,476
Wells,85+,male,52
Williams,85+,male,140
Adams,0-4,female,66
Barnes,0-4,female,291
Benson,0-4,female,279
Billings,0-4,female,40
Bottineau,0-4,female,179
Bowman,0-4,female,80
Burke,0-4,female,60
Burleigh,0-4,female,3031
Cass,0-4,female,6021
Cavalier,0-4,female,134
Dickey,0-4,female,147
Divide,0-4,female,60
Dunn,0-4,female,148
Eddy,0-4,female,70
Emmons,0-4,female,78
Foster,0-4,female,105
Golden Valley,0-4,female,64
Grand Forks,0-4,female,2276
Grant,0-4,female,54
Griggs,0-4,female,75
Hettinger,0-4,female,87
Kidder,0-4,female,66
LaMoure,0-4,female,121
Logan,0-4,female,52
McHenry,0-4,female,139
McIntosh,0-4,female,48
McKenzie,0-4,female,671
McLean,0-4,female,277
Mercer,0-4,female,254
Morton,0-4,female,1112
Mountrail,0-4,female,376
Nelson,0-4,female,63
Oliver,0-4,female,63
Pembina,0-4,female,202
Pierce,0-4,female,108
Ramsey,0-4,female,410
Ransom,0-4,female,145
Renville,0-4,female,48
Richland,0-4,female,478
Rolette,0-4,female,460
Sargent,0-4,female,109
Sheridan,0-4,female,29
Sioux,0-4,female,167
Slope,0-4,female,20
Stark,0-4,female,1304
Steele,0-4,female,76
Stutsman,0-4,female,547
Towner,0-4,female,43
Traill,0-4,female,222
Walsh,0-4,female,311
Ward,0-4,female,2445
Wells,0-4,female,112
Williams,0-4,female,1758
Adams,5-9,female,62
Barnes,5-9,female,270
Benson,5-9,female,271
Billings,5-9,female,22
Bottineau,5-9,female,219
Bowman,5-9,female,120
Burke,5-9,female,93
Burleigh,5-9,female,3278
Cass,5-9,female,5873
Cavalier,5-9,female,113
Dickey,5-9,female,179
Divide,5-9,female,76
Dunn,5-9,female,167
Eddy,5-9,female,59
Emmons,5-9,female,92
Foster,5-9,female,116
Golden Valley,5-9,female,57
Grand Forks,5-9,female,2156
Grant,5-9,female,68
Griggs,5-9,female,71
Hettinger,5-9,female,81
Kidder,5-9,female,70
LaMoure,5-9,female,120
Logan,5-9,female,61
McHenry,5-9,female,160
McIntosh,5-9,female,65
McKenzie,5-9,female,612
McLean,5-9,female,335
Mercer,5-9,female,306
Morton,5-9,female,1138
Mountrail,5-9,female,398
Nelson,5-9,female,89
Oliver,5-9,female,78
Pembina,5-9,female,177
Pierce,5-9,female,94
Ramsey,5-9,female,379
Ransom,5-9,female,208
Renville,5-9,female,56
Richland,5-9,female,496
Rolette,5-9,female,545
Sargent,5-9,female,112
Sheridan,5-9,female,50
Sioux,5-9,female,207
Slope,5-9,female,24
Stark,5-9,female,1193
Steele,5-9,female,52
Stutsman,5-9,female,654
Towner,5-9,female,65
Traill,5-9,female,235
Walsh,5-9,female,367
Ward,5-9,female,2472
Wells,5-9,female,130
Williams,5-9,female,1573
Adams,10-14,female,69
Barnes,10-14,female,295
Benson,10-14,female,264
Billings,10-14,female,26
Bottineau,10-14,female,183
Bowman,10-14,female,96
Burke,10-14,female,63
Burleigh,10-14,female,3137
Cass,10-14,female,5464
Cavalier,10-14,female,88
Dickey,10-14,female,173
Divide,10-14,female,77
Dunn,10-14,female,126
Eddy,10-14,female,66
Emmons,10-14,female,93
Foster,10-14,female,119
Golden Valley,10-14,female,53
Grand Forks,10-14,female,2035
Grant,10-14,female,59
Griggs,10-14,female,69
Hettinger,10-14,female,59
Kidder,10-14,female,69
LaMoure,10-14,female,131
Logan,10-14,female,62
McHenry,10-14,female,193
McIntosh,10-14,female,68
McKenzie,10-14,female,531
McLean,10-14,female,311
Mercer,10-14,female,281
Morton,10-14,female,1057
Mountrail,10-14,female,354
Nelson,10-14,female,67
Oliver,10-14,female,63
Pembina,10-14,female,178
Pierce,10-14,female,167
Ramsey,10-14,female,343
Ransom,10-14,female,196
Renville,10-14,female,74
Richland,10-14,female,529
Rolette,10-14,female,600
Sargent,10-14,female,106
Sheridan,10-14,female,22
Sioux,10-14,female,180
Slope,10-14,female,24
Stark,10-14,female,1103
Steele,10-14,female,41
Stutsman,10-14,female,633
Towner,10-14,female,88
Traill,10-14,female,295
Walsh,10-14,female,331
Ward,10-14,female,2289
Wells,10-14,female,81
Williams,10-14,female,1430
Adams,15-19,female,44
Barnes,15-19,female,416
Benson,15-19,female,219
Billings,15-19,female,19
Bottineau,15-19,female,184
Bowman,15-19,female,74
Burke,15-19,female,55
Burleigh,15-19,female,3175
Cass,15-19,female,5919
Cavalier,15-19,female,89
Dickey,15-19,female,165
Divide,15-19,female,49
Dunn,15-19,female,117
Eddy,15-19,female,59
Emmons,15-19,female,111
Foster,15-19,female,86
Golden Valley,15-19,female,50
Grand Forks,15-19,female,2925
Grant,15-19,female,54
Griggs,15-19,female,42
Hettinger,15-19,female,47
Kidder,15-19,female,51
LaMoure,15-19,female,119
Logan,15-19,female,60
McHenry,15-19,female,135
McIntosh,15-19,female,44
McKenzie,15-19,female,449
McLean,15-19,female,240
Mercer,15-19,female,208
Morton,15-19,female,891
Mountrail,15-19,female,332
Nelson,15-19,female,70
Oliver,15-19,female,42
Pembina,15-19,female,164
Pierce,15-19,female,113
Ramsey,15-19,female,376
Ransom,15-19,female,134
Renville,15-19,female,69
Richland,15-19,female,606
Rolette,15-19,female,462
Sargent,15-19,female,99
Sheridan,15-19,female,30
Sioux,15-19,female,155
Slope,15-19,female,18
Stark,15-19,female,984
Steele,15-19,female,34
Stutsman,15-19,female,712
Towner,15-19,female,45
Traill,15-19,female,265
Walsh,15-19,female,270
Ward,15-19,female,2136
Wells,15-19,female,94
Williams,15-19,female,1221
Adams,20-24,female,45
Barnes,20-24,female,346
Benson,20-24,female,139
Billings,20-24,female,18
Bottineau,20-24,female,114
Bowman,20-24,female,48
Burke,20-24,female,27
Burleigh,20-24,female,3153
Cass,20-24,female,8842
Cavalier,20-24,female,45
Dickey,20-24,female,131
Divide,20-24,female,33
Dunn,20-24,female,79
Eddy,20-24,female,47
Emmons,20-24,female,61
Foster,20-24,female,62
Golden Valley,20-24,female,27
Grand Forks,20-24,female,4355
Grant,20-24,female,47
Griggs,20-24,female,36
Hettinger,20-24,female,38
Kidder,20-24,female,52
LaMoure,20-24,female,66
Logan,20-24,female,21
McHenry,20-24,female,69
McIntosh,20-24,female,41
McKenzie,20-24,female,435
McLean,20-24,female,149
Mercer,20-24,female,139
Morton,20-24,female,918
Mountrail,20-24,female,233
Nelson,20-24,female,26
Oliver,20-24,female,27
Pembina,20-24,female,102
Pierce,20-24,female,61
Ramsey,20-24,female,295
Ransom,20-24,female,142
Renville,20-24,female,45
Richland,20-24,female,498
Rolette,20-24,female,313
Sargent,20-24,female,72
Sheridan,20-24,female,12
Sioux,20-24,female,129
Slope,20-24,female,6
Stark,20-24,female,1055
Steele,20-24,female,26
Stutsman,20-24,female,671
Towner,20-24,female,35
Traill,20-24,female,255
Walsh,20-24,female,220
Ward,20-24,female,2881
Wells,20-24,female,49
Williams,20-24,female,1269
Adams,25-29,female,53
Barnes,25-29,female,248
Benson,25-29,female,154
Billings,25-29,female,22
Bottineau,25-29,female,165
Bowman,25-29,female,80
Burke,25-29,female,46
Burleigh,25-29,female,3043
Cass,25-29,female,7716
Cavalier,25-29,female,104
Dickey,25-29,female,120
Divide,25-29,female,56
Dunn,25-29,female,114
Eddy,25-29,female,57
Emmons,25-29,female,59
Foster,25-29,female,93
Golden Valley,25-29,female,44
Grand Forks,25-29,female,2833
Grant,25-29,female,50
Griggs,25-29,female,54
Hettinger,25-29,female,84
Kidder,25-29,female,48
LaMoure,25-29,female,84
Logan,25-29,female,38
McHenry,25-29,female,118
McIntosh,25-29,female,43
McKenzie,25-29,female,672
McLean,25-29,female,211
Mercer,25-29,female,182
Morton,25-29,female,1140
Mountrail,25-29,female,316
Nelson,25-29,female,52
Oliver,25-29,female,35
Pembina,25-29,female,138
Pierce,25-29,female,73
Ramsey,25-29,female,311
Ransom,25-29,female,142
Renville,25-29,female,45
Richland,25-29,female,429
Rolette,25-29,female,335
Sargent,25-29,female,88
Sheridan,25-29,female,20
Sioux,25-29,female,105
Slope,25-29,female,21
Stark,25-29,female,1250
Steele,25-29,female,39
Stutsman,25-29,female,580
Towner,25-29,female,31
Traill,25-29,female,191
Walsh,25-29,female,243
Ward,25-29,female,2850
Wells,25-29,female,77
Williams,25-29,female,1734
Adams,30-34,female,47
Barnes,30-34,female,266
Benson,30-34,female,184
Billings,30-34,female,23
Bottineau,30-34,female,164
Bowman,30-34,female,78
Burke,30-34,female,57
Burleigh,30-34,female,3365
Cass,30-34,female,7286
Cavalier,30-34,female,89
Dickey,30-34,female,132
Divide,30-34,female,69
Dunn,30-34,female,145
Eddy,30-34,female,58
Emmons,30-34,female,67
Foster,30-34,female,84
Golden Valley,30-34,female,17
Grand Forks,30-34,female,2583
Grant,30-34,female,46
Griggs,30-34,female,58
Hettinger,30-34,female,77
Kidder,30-34,female,49
LaMoure,30-34,female,110
Logan,30-34,female,39
McHenry,30-34,female,123
McIntosh,30-34,female,50
McKenzie,30-34,female,585
McLean,30-34,female,292
Mercer,30-34,female,223
Morton,30-34,female,1164
Mountrail,30-34,female,342
Nelson,30-34,female,59
Oliver,30-34,female,48
Pembina,30-34,female,201
Pierce,30-34,female,93
Ramsey,30-34,female,330
Ransom,30-34,female,136
Renville,30-34,female,57
Richland,30-34,female,451
Rolette,30-34,female,362
Sargent,30-34,female,90
Sheridan,30-34,female,34
Sioux,30-34,female,109
Slope,30-34,female,18
Stark,30-34,female,1327
Steele,30-34,female,59
Stutsman,30-34,female,581
Towner,30-34,female,65
Traill,30-34,female,221
Walsh,30-34,female,279
Ward,30-34,female,2630
Wells,30-34,female,110
Williams,30-34,female,1720
Adams,35-39,female,46
Barnes,35-39,female,280
Benson,35-39,female,153
Billings,35-39,female,22
Bottineau,35-39,female,161
Bowman,35-39,female,88
Burke,35-39,female,74
Burleigh,35-39,female,3444
Cass,35-39,female,6782
Cavalier,35-39,female,91
Dickey,35-39,female,141
Divide,35-39,female,67
Dunn,35-39,female,136
Eddy,35-39,female,63
Emmons,35-39,female,68
Foster,35-39,female,92
Golden Valley,35-39,female,53
Grand Forks,35-39,female,2215
Grant,35-39,female,59
Griggs,35-39,female,56
Hettinger,35-39,female,57
Kidder,35-39,female,71
LaMoure,35-39,female,102
Logan,35-39,female,39
McHenry,35-39,female,191
McIntosh,35-39,female,70
McKenzie,35-39,female,494
McLean,35-39,female,252
Mercer,35-39,female,249
Morton,35-39,female,1117
Mountrail,35-39,female,310
Nelson,35-39,female,89
Oliver,35-39,female,42
Pembina,35-39,female,186
Pierce,35-39,female,102
Ramsey,35-39,female,316
Ransom,35-39,female,146
Renville,35-39,female,52
Richland,35-39,female,475
Rolette,35-39,female,366
Sargent,35-39,female,93
Sheridan,35-39,female,32
Sioux,35-39,female,126
Slope,35-39,female,26
Stark,35-39,female,1174
Steele,35-39,female,37
Stutsman,35-39,female,583
Towner,35-39,female,50
Traill,35-39,female,206
Walsh,35-39,female,291
Ward,35-39,female,2343
Wells,35-39,female,87
Williams,35-39,female,1462
Adams,40-44,female,40
Barnes,40-44,female,252
Benson,40-44,female,157
Billings,40-44,female,33
Bottineau,40-44,female,156
Bowman,40-44,female,73
Burke,40-44,female,60
Burleigh,40-44,female,2880
Cass,40-44,female,5435
Cavalier,40-44,female,73
Dickey,40-44,female,120
Divide,40-44,female,66
Dunn,40-44,female,94
Eddy,40-44,female,53
Emmons,40-44,female,75
Foster,40-44,female,69
Golden Valley,40-44,female,50
Grand Forks,40-44,female,1778
Grant,40-44,female,44
Griggs,40-44,female,44
Hettinger,40-44,female,66
Kidder,40-44,female,63
LaMoure,40-44,female,101
Logan,40-44,female,56
McHenry,40-44,female,137
McIntosh,40-44,female,45
McKenzie,40-44,female,380
McLean,40-44,female,253
Mercer,40-44,female,223
Morton,40-44,female,931
Mountrail,40-44,female,275
Nelson,40-44,female,63
Oliver,40-44,female,54
Pembina,40-44,female,171
Pierce,40-44,female,111
Ramsey,40-44,female,268
Ransom,40-44,female,164
Renville,40-44,female,59
Richland,40-44,female,381
Rolette,40-44,female,323
Sargent,40-44,female,92
Sheridan,40-44,female,24
Sioux,40-44,female,97
Slope,40-44,female,18
Stark,40-44,female,846
Steele,40-44,female,33
Stutsman,40-44,female,580
Towner,40-44,female,34
Traill,40-44,female,192
Walsh,40-44,female,259
Ward,40-44,female,1869
Wells,40-44,female,76
Williams,40-44,female,1029
Adams,45-49,female,64
Barnes,45-49,female,273
Benson,45-49,female,111
Billings,45-49,female,16
Bottineau,45-49,female,149
Bowman,45-49,female,67
Burke,45-49,female,53
Burleigh,45-49,female,2627
Cass,45-49,female,4755
Cavalier,45-49,female,86
Dickey,45-49,female,123
Divide,45-49,female,38
Dunn,45-49,female,85
Eddy,45-49,female,55
Emmons,45-49,female,74
Foster,45-49,female,93
Golden Valley,45-49,female,45
Grand Forks,45-49,female,1598
Grant,45-49,female,46
Griggs,45-49,female,62
Hettinger,45-49,female,49
Kidder,45-49,female,48
LaMoure,45-49,female,103
Logan,45-49,female,45
McHenry,45-49,female,147
McIntosh,45-49,female,45
McKenzie,45-49,female,332
McLean,45-49,female,258
Mercer,45-49,female,221
Morton,45-49,female,906
Mountrail,45-49,female,262
Nelson,45-49,female,56
Oliver,45-49,female,27
Pembina,45-49,female,161
Pierce,45-49,female,103
Ramsey,45-49,female,276
Ransom,45-49,female,134
Renville,45-49,female,65
Richland,45-49,female,358
Rolette,45-49,female,261
Sargent,45-49,female,92
Sheridan,45-49,female,30
Sioux,45-49,female,102
Slope,45-49,female,16
Stark,45-49,female,783
Steele,45-49,female,48
Stutsman,45-49,female,505
Towner,45-49,female,61
Traill,45-49,female,195
Walsh,45-49,female,262
Ward,45-49,female,1721
Wells,45-49,female,88
Williams,45-49,female,926
Adams,50-54,female,61
Barnes,50-54,female,308
Benson,50-54,female,142
Billings,50-54,female,34
Bottineau,50-54,female,164
Bowman,50-54,female,55
Burke,50-54,female,46
Burleigh,50-54,female,2565
Cass,50-54,female,4653
Cavalier,50-54,female,97
Dickey,50-54,female,118
Divide,50-54,female,53
Dunn,50-54,female,121
Eddy,50-54,female,55
Emmons,50-54,female,100
Foster,50-54,female,107
Golden Valley,50-54,female,44
Grand Forks,50-54,female,1643
Grant,50-54,female,61
Griggs,50-54,female,56
Hettinger,50-54,female,76
Kidder,50-54,female,75
LaMoure,50-54,female,82
Logan,50-54,female,43
McHenry,50-54,female,147
McIntosh,50-54,female,65
McKenzie,50-54,female,348
McLean,50-54,female,242
Mercer,50-54,female,204
Morton,50-54,female,901
Mountrail,50-54,female,234
Nelson,50-54,female,99
Oliver,50-54,female,48
Pembina,50-54,female,180
Pierce,50-54,female,123
Ramsey,50-54,female,342
Ransom,50-54,female,153
Renville,50-54,female,69
Richland,50-54,female,437
Rolette,50-54,female,340
Sargent,50-54,female,132
Sheridan,50-54,female,35
Sioux,50-54,female,128
Slope,50-54,female,10
Stark,50-54,female,827
Steele,50-54,female,40
Stutsman,50-54,female,579
Towner,50-54,female,59
Traill,50-54,female,250
Walsh,50-54,female,279
Ward,50-54,female,1641
Wells,50-54,female,126
Williams,50-54,female,933
Adams,55-59,female,91
Barnes,55-59,female,378
Benson,55-59,female,180
Billings,55-59,female,40
Bottineau,55-59,female,219
Bowman,55-59,female,106
Burke,55-59,female,69
Burleigh,55-59,female,3069
Cass,55-59,female,4860
Cavalier,55-59,female,139
Dickey,55-59,female,149
Divide,55-59,female,79
Dunn,55-59,female,139
Eddy,55-59,female,82
Emmons,55-59,female,140
Foster,55-59,female,133
Golden Valley,55-59,female,63
Grand Forks,55-59,female,1986
Grant,55-59,female,99
Griggs,55-59,female,78
Hettinger,55-59,female,107
Kidder,55-59,female,83
LaMoure,55-59,female,151
Logan,55-59,female,72
McHenry,55-59,female,190
McIntosh,55-59,female,107
McKenzie,55-59,female,363
McLean,55-59,female,343
Mercer,55-59,female,346
Morton,55-59,female,1072
Mountrail,55-59,female,293
Nelson,55-59,female,112
Oliver,55-59,female,70
Pembina,55-59,female,257
Pierce,55-59,female,133
Ramsey,55-59,female,410
Ransom,55-59,female,205
Renville,55-59,female,98
Richland,55-59,female,608
Rolette,55-59,female,421
Sargent,55-59,female,131
Sheridan,55-59,female,56
Sioux,55-59,female,119
Slope,55-59,female,27
Stark,55-59,female,968
Steele,55-59,female,78
Stutsman,55-59,female,723
Towner,55-59,female,96
Traill,55-59,female,260
Walsh,55-59,female,412
Ward,55-59,female,1944
Wells,55-59,female,196
Williams,55-59,female,962
Adams,60-64,female,91
Barnes,60-64,female,422
Benson,60-64,female,181
Billings,60-64,female,49
Bottineau,60-64,female,237
Bowman,60-64,female,136
Burke,60-64,female,74
Burleigh,60-64,female,3329
Cass,60-64,female,5020
Cavalier,60-64,female,135
Dickey,60-64,female,197
Divide,60-64,female,78
Dunn,60-64,female,138
Eddy,60-64,female,89
Emmons,60-64,female,116
Foster,60-64,female,131
Golden Valley,60-64,female,75
Grand Forks,60-64,female,2017
Grant,60-64,female,99
Griggs,60-64,female,84
Hettinger,60-64,female,105
Kidder,60-64,female,93
LaMoure,60-64,female,189
Logan,60-64,female,62
McHenry,60-64,female,215
McIntosh,60-64,female,107
McKenzie,60-64,female,289
McLean,60-64,female,421
Mercer,60-64,female,376
Morton,60-64,female,1145
Mountrail,60-64,female,309
Nelson,60-64,female,150
Oliver,60-64,female,109
Pembina,60-64,female,294
Pierce,60-64,female,163
Ramsey,60-64,female,434
Ransom,60-64,female,207
Renville,60-64,female,85
Richland,60-64,female,639
Rolette,60-64,female,384
Sargent,60-64,female,137
Sheridan,60-64,female,46
Sioux,60-64,female,84
Slope,60-64,female,35
Stark,60-64,female,1016
Steele,60-64,female,74
Stutsman,60-64,female,826
Towner,60-64,female,99
Traill,60-64,female,287
Walsh,60-64,female,403
Ward,60-64,female,1870
Wells,60-64,female,168
Williams,60-64,female,962
Adams,65-69,female,107
Barnes,65-69,female,369
Benson,65-69,female,165
Billings,65-69,female,29
Bottineau,65-69,female,268
Bowman,65-69,female,116
Burke,65-69,female,63
Burleigh,65-69,female,2826
Cass,65-69,female,4273
Cavalier,65-69,female,145
Dickey,65-69,female,148
Divide,65-69,female,72
Dunn,65-69,female,109
Eddy,65-69,female,91
Emmons,65-69,female,123
Foster,65-69,female,108
Golden Valley,65-69,female,55
Grand Forks,65-69,female,1688
Grant,65-69,female,94
Griggs,65-69,female,106
Hettinger,65-69,female,91
Kidder,65-69,female,101
LaMoure,65-69,female,139
Logan,65-69,female,54
McHenry,65-69,female,202
McIntosh,65-69,female,92
McKenzie,65-69,female,222
McLean,65-69,female,394
Mercer,65-69,female,264
Morton,65-69,female,941
Mountrail,65-69,female,249
Nelson,65-69,female,138
Oliver,65-69,female,52
Pembina,65-69,female,278
Pierce,65-69,female,148
Ramsey,65-69,female,369
Ransom,65-69,female,171
Renville,65-69,female,89
Richland,65-69,female,523
Rolette,65-69,female,322
Sargent,65-69,female,139
Sheridan,65-69,female,44
Sioux,65-69,female,100
Slope,65-69,female,33
Stark,65-69,female,649
Steele,65-69,female,68
Stutsman,65-69,female,703
Towner,65-69,female,83
Traill,65-69,female,247
Walsh,65-69,female,343
Ward,65-69,female,1569
Wells,65-69,female,137
Williams,65-69,female,661
Adams,70-74,female,81
Barnes,70-74,female,303
Benson,70-74,female,118
Billings,70-74,female,25
Bottineau,70-74,female,200
Bowman,70-74,female,81
Burke,70-74,female,72
Burleigh,70-74,female,2114
Cass,70-74,female,3051
Cavalier,70-74,female,107
Dickey,70-74,female,129
Divide,70-74,female,55
Dunn,70-74,female,75
Eddy,70-74,female,52
Emmons,70-74,female,113
Foster,70-74,female,94
Golden Valley,70-74,female,47
Grand Forks,70-74,female,1244
Grant,70-74,female,82
Griggs,70-74,female,78
Hettinger,70-74,female,88
Kidder,70-74,female,70
LaMoure,70-74,female,114
Logan,70-74,female,50
McHenry,70-74,female,128
McIntosh,70-74,female,72
McKenzie,70-74,female,137
McLean,70-74,female,312
Mercer,70-74,female,208
Morton,70-74,female,754
Mountrail,70-74,female,163
Nelson,70-74,female,109
Oliver,70-74,female,70
Pembina,70-74,female,189
Pierce,70-74,female,112
Ramsey,70-74,female,298
Ransom,70-74,female,127
Renville,70-74,female,61
Richland,70-74,female,350
Rolette,70-74,female,225
Sargent,70-74,female,103
Sheridan,70-74,female,35
Sioux,70-74,female,47
Slope,70-74,female,15
Stark,70-74,female,525
Steele,70-74,female,52
Stutsman,70-74,female,539
Towner,70-74,female,55
Traill,70-74,female,178
Walsh,70-74,female,273
Ward,70-74,female,1104
Wells,70-74,female,155
Williams,70-74,female,399
Adams,75-79,female,54
Barnes,75-79,female,222
Benson,75-79,female,64
Billings,75-79,female,16
Bottineau,75-79,female,132
Bowman,75-79,female,62
Burke,75-79,female,30
Burleigh,75-79,female,1492
Cass,75-79,female,1959
Cavalier,75-79,female,91
Dickey,75-79,female,119
Divide,75-79,female,41
Dunn,75-79,female,57
Eddy,75-79,female,44
Emmons,75-79,female,84
Foster,75-79,female,63
Golden Valley,75-79,female,46
Grand Forks,75-79,female,856
Grant,75-79,female,61
Griggs,75-79,female,69
Hettinger,75-79,female,57
Kidder,75-79,female,52
LaMoure,75-79,female,88
Logan,75-79,female,64
McHenry,75-79,female,94
McIntosh,75-79,female,76
McKenzie,75-79,female,120
McLean,75-79,female,209
Mercer,75-79,female,138
Morton,75-79,female,505
Mountrail,75-79,female,90
Nelson,75-79,female,79
Oliver,75-79,female,25
Pembina,75-79,female,123
Pierce,75-79,female,103
Ramsey,75-79,female,236
Ransom,75-79,female,103
Renville,75-79,female,36
Richland,75-79,female,255
Rolette,75-79,female,140
Sargent,75-79,female,76
Sheridan,75-79,female,38
Sioux,75-79,female,30
Slope,75-79,female,5
Stark,75-79,female,405
Steele,75-79,female,26
Stutsman,75-79,female,382
Towner,75-79,female,43
Traill,75-79,female,161
Walsh,75-79,female,178
Ward,75-79,female,872
Wells,75-79,female,106
Williams,75-79,female,279
Adams,80-84,female,37
Barnes,80-84,female,172
Benson,80-84,female,59
Billings,80-84,female,10
Bottineau,80-84,female,90
Bowman,80-84,female,47
Burke,80-84,female,31
Burleigh,80-84,female,1175
Cass,80-84,female,1492
Cavalier,80-84,female,76
Dickey,80-84,female,76
Divide,80-84,female,26
Dunn,80-84,female,49
Eddy,80-84,female,51
Emmons,80-84,female,76
Foster,80-84,female,57
Golden Valley,80-84,female,21
Grand Forks,80-84,female,696
Grant,80-84,female,50
Griggs,80-84,female,31
Hettinger,80-84,female,35
Kidder,80-84,female,30
LaMoure,80-84,female,84
Logan,80-84,female,36
McHenry,80-84,female,79
McIntosh,80-84,female,71
McKenzie,80-84,female,69
McLean,80-84,female,128
Mercer,80-84,female,110
Morton,80-84,female,362
Mountrail,80-84,female,66
Nelson,80-84,female,65
Oliver,80-84,female,21
Pembina,80-84,female,121
Pierce,80-84,female,69
Ramsey,80-84,female,161
Ransom,80-84,female,62
Renville,80-84,female,36
Richland,80-84,female,207
Rolette,80-84,female,111
Sargent,80-84,female,42
Sheridan,80-84,female,29
Sioux,80-84,female,21
Slope,80-84,female,11
Stark,80-84,female,322
Steele,80-84,female,27
Stutsman,80-84,female,289
Towner,80-84,female,34
Traill,80-84,female,96
Walsh,80-84,female,175
Ward,80-84,female,668
Wells,80-84,female,78
Williams,80-84,female,244
Adams,85+,female,62
Barnes,85+,female,237
Benson,85+,female,52
Billings,85+,female,4
Bottineau,85+,female,127
Bowman,85+,female,54
Burke,85+,female,39
Burleigh,85+,female,1557
Cass,85+,female,1874
Cavalier,85+,female,90
Dickey,85+,female,99
Divide,85+,female,47
Dunn,85+,female,54
Eddy,85+,female,69
Emmons,85+,female,85
Foster,85+,female,83
Golden Valley,85+,female,29
Grand Forks,85+,female,859
Grant,85+,female,60
Griggs,85+,female,73
Hettinger,85+,female,50
Kidder,85+,female,29
LaMoure,85+,female,105
Logan,85+,female,48
McHenry,85+,female,103
McIntosh,85+,female,138
McKenzie,85+,female,75
McLean,85+,female,151
Mercer,85+,female,135
Morton,85+,female,481
Mountrail,85+,female,85
Nelson,85+,female,95
Oliver,85+,female,17
Pembina,85+,female,139
Pierce,85+,female,98
Ramsey,85+,female,216
Ransom,85+,female,137
Renville,85+,female,34
Richland,85+,female,288
Rolette,85+,female,132
Sargent,85+,female,55
Sheridan,85+,female,32
Sioux,85+,female,15
Slope,85+,female,17
Stark,85+,female,472
Steele,85+,female,29
Stutsman,85+,female,452
Towner,85+,female,64
Traill,85+,female,168
Walsh,85+,female,268
Ward,85+,female,827
Wells,85+,female,127
Williams,85+,female,287
